Tick,AntID,MvFwd,MvBck,MvRit,MvLft,Eat,Dig,Hlth,Bld,Nil,Action,Fitness
0,0,0.5136636,-0.5295433,-0.15403,-0.6492713,0.7801767,-0.306202,-0.5686491,-0.1669999,-0.2302878,Eat,5.3429
0,1,0.5183756,-0.5370705,-0.1558184,-0.6539338,0.7876904,-0.3127903,-0.577417,-0.1655681,-0.2466659,Eat,5.40971
0,2,0.5128157,-0.5280424,-0.1538899,-0.6484015,0.7789593,-0.3052405,-0.567128,-0.1674594,-0.2277471,Eat,5.33143
0,3,0.473858,-0.4395541,-0.05417399,-0.754352,0.9507884,-0.5007648,-0.585734,0.7173784,-0.6059308,Eat,5.972721
0,4,0.5249147,-0.5359356,-0.175574,-0.6691077,0.8195603,-0.3421053,-0.6076845,0.815964,-0.3276604,Eat,5.544122
0,5,0.5233968,-0.5425891,-0.1610972,-0.6595061,0.7990696,-0.3237948,-0.5890562,-0.1679122,-0.2736634,Eat,5.481211
0,6,0.4949492,-0.491651,-0.1568756,-0.6272897,0.7562487,-0.2925119,-0.5353979,-0.1832981,-0.1841111,Eat,5.159043
0,7,0.5000466,-0.5025899,-0.1553145,-0.6337498,0.7624723,-0.2952377,-0.5444809,-0.1780776,-0.1955873,Eat,5.194406
0,8,0.2943452,0.01301614,-0.2524571,-0.2970571,-0.5327182,-0.2382027,-0.1106224,-0.4713017,0.2337722,ForwardMove,4.819915
0,9,0.4545395,0.7985628,0.1308056,-0.0606469,0.891288,0.07556584,-0.0620336,0.5033889,0.4589478,Eat,4.796659
0,10,-0.2577776,0.4484275,-0.1224541,-0.01661732,0.3301163,0.9245237,0.1025874,-0.2949761,0.5947779,Dig,5.682983
0,11,-0.3852161,0.1503471,0.006408023,0.09768767,0.09740657,0.9812921,0.4744488,-0.1340885,0.6319771,Dig,5.824216
0,12,0.4522046,0.7973922,0.1295022,-0.06055085,0.889939,0.08072016,-0.06198557,0.5003747,0.4596074,Eat,5.019352
0,13,0.4536421,0.7981048,0.1303209,-0.06060394,-0.109232,0.07754593,-0.06200657,0.5022376,0.4592002,BackMove,4.809286
0,14,0.451198,0.7969065,0.1288981,-0.06052323,0.8893654,0.08293986,-0.06198971,0.4990596,0.459893,Eat,5.076379
0,15,-0.3833566,0.1788122,-0.01388711,0.08858728,0.1171753,0.9805617,0.4460656,-0.160857,0.6314495,Dig,5.765906
0,16,0.451846,0.7972181,0.1292898,-0.06054013,0.8897339,0.08151145,-0.06198526,0.4999071,0.4597091,Eat,5.04118
0,17,0.4432703,0.7933117,0.1235132,-0.06048122,0.8850625,0.1002263,-0.06246239,0.4885382,0.462108,Eat,5.28232
0,18,-0.1806808,0.5146119,-0.1502213,-0.05263101,0.416955,0.8860453,-8.805096E-05,-0.2750141,0.5781412,Dig,5.595402
0,420,0.4443287,0.7660101,0.2744889,-0.0965906,0.8454474,0.08999317,-0.05336294,1.041931,0.4045823,Build,0.7666667
1,0,0.5189927,-0.5393041,-0.155178,-0.654211,0.7875662,-0.3126975,-0.5782784,-0.1638702,-0.2455353,Eat,3.717026
1,1,0.5235928,-0.5449646,-0.1588735,-0.658547,0.7965364,-0.3217689,-0.5875064,-0.1647803,-0.2664168,Eat,3.783623
1,2,0.5182467,-0.5382004,-0.1548192,-0.6535273,0.7863402,-0.3115278,-0.5769209,-0.1639996,-0.2428053,Eat,3.705805
1,3,0.473849,-0.4404903,-0.05219548,-0.7552725,0.9517465,-0.5018779,-0.5859095,0.7180867,-0.6073769,Eat,4.349236
1,4,0.5036381,-0.4736765,-0.2080881,-0.6888233,0.8596358,-0.3804507,-0.6360644,0.7498136,-0.4439885,Eat,3.918896
1,5,0.5277979,-0.5444424,-0.1705983,-0.6666597,0.8153225,-0.3404359,-0.6046676,-0.1756287,-0.3142835,Eat,3.854867
1,6,-0.4943537,-0.5150624,-1.154237,-0.6402242,-0.2308807,-0.2988437,-0.5549267,-1.172153,-0.2076415,Nothing,3.432642
1,7,0.5086908,-0.5211927,-0.1537157,-0.6437618,0.7729519,-0.3010471,-0.5602247,-0.1694919,-0.2150358,Eat,3.567739
1,8,0.2421413,0.16063,-0.2752411,-0.1932558,-0.6311731,-0.2242949,0.02980354,-0.5759827,0.3337956,Nothing,3.094308
1,9,0.4542309,0.7984647,0.1300537,-0.06058779,0.8910342,0.07659134,-0.0618297,0.5027873,0.4593073,Eat,3.170913
1,10,-0.2399323,0.4667676,-0.1306079,-0.02666068,0.3508926,0.9163161,0.07321087,-0.2948413,0.5905602,Dig,3.958849
1,11,-0.3855416,0.1512821,0.005054148,0.09721503,0.09802903,0.9815024,0.4731099,-0.135858,0.632021,Dig,4.105702
1,12,0.4512448,0.7970278,0.1282178,-0.06051504,0.8893541,0.0831751,-0.0618813,0.4988803,0.4601506,Eat,3.394908
1,13,0.4535907,0.7980738,0.1303542,-0.06060831,-0.1092491,0.07761623,-0.06203488,0.5021942,0.459182,BackMove,3.091936
1,14,0.4499109,0.7964123,0.1273297,-0.0605023,0.8886234,0.08610255,-0.06194983,0.497115,0.4605257,Eat,3.450103
1,15,-0.3822652,0.1923297,-0.02364779,0.08382273,0.1263136,0.9802771,0.4310926,-0.1742589,0.6309491,Dig,4.040095
1,16,0.4507838,0.7968137,0.127915,-0.06050948,0.8891002,0.0841879,-0.06190206,0.4982713,0.4602804,Eat,3.415647
1,17,0.436398,0.7905749,0.117212,-0.06068684,0.8816727,0.1152113,-0.06348815,0.4789711,0.4642092,Eat,3.656633
1,18,-0.179014,0.515933,-0.1518065,-0.05394555,0.4186329,0.8854701,-0.003283876,-0.2752699,0.5777562,Dig,3.871711
1,420,0.2439919,0.4354885,0.7376263,-0.219666,0.4238873,0.3945178,-0.05088669,1.077668,0.1148333,Build,0.6377777
2,0,0.5239208,-0.5469393,-0.157534,-0.6582505,0.7953094,-0.3207408,-0.5871131,-0.1626474,-0.2625948,Eat,2.662846
2,1,0.5289302,-0.5503592,-0.1650402,-0.6637589,0.8090346,-0.3356244,-0.5997621,-0.1679169,-0.2964441,Eat,2.729179
2,2,0.5231352,-0.5460459,-0.1568521,-0.6575792,0.7937644,-0.3190691,-0.5855911,-0.1624205,-0.2589555,Eat,2.651882
2,3,0.4738619,-0.4412301,-0.05089501,-0.7559257,0.9524363,-0.5026972,-0.5861912,0.7186267,-0.6084442,Eat,3.294792
2,4,0.4860271,-0.437224,-0.1735053,-0.7117777,-0.09285432,-0.4538294,-0.6317776,-0.289461,-0.545023,ForwardMove,2.755506
2,5,-0.4803339,-0.512482,-1.195473,-0.6819385,-1.150862,-0.3745491,-0.6309731,-1.216607,-0.4080824,Dig,2.700099
2,6,-0.4953344,-0.512905,-1.154521,-0.638988,-0.2320723,-0.2983125,-0.5531272,-1.17319,-0.2054636,Nothing,2.278357
2,7,-0.485581,-0.5328699,-1.153319,-0.6498185,-1.219929,-0.3059066,-0.570388,-1.164531,-0.2287377,Nothing,2.413129
2,8,0.2159596,0.2362394,-0.2853211,-0.138847,0.3147977,-0.2159342,0.1057463,0.3645686,0.3816769,Nothing,1.94084
2,9,0.4537829,0.7983057,0.1292632,-0.06054619,0.8907245,0.0778717,-0.06168823,0.5020214,0.4596638,Eat,2.117082
2,10,-0.2253736,0.4803205,-0.137273,-0.0345558,0.3673873,0.9095567,0.05084877,-0.2933605,0.587254,Dig,2.80568
2,11,-0.3858251,0.1529814,0.003155154,0.09650749,0.09918784,0.981693,0.4710394,-0.1383356,0.6320564,Dig,2.957334
2,12,0.4498124,0.7964696,0.1265964,-0.06051198,0.8885631,0.08659527,-0.06191652,0.4967657,0.4607784,Eat,2.34232
2,13,0.4535323,0.7980393,0.1303849,-0.06061246,-0.1092698,0.07770101,-0.06206352,0.5021423,0.459165,BackMove,1.945816
2,14,0.4479364,0.7956384,0.1252341,-0.06052424,0.8875782,0.09068522,-0.06209759,0.4942567,0.4612989,Eat,2.395658
2,15,-0.3785683,0.217111,-0.03913528,0.07514679,0.1430031,0.9789378,0.4031809,-0.1963666,0.6294875,Dig,2.884795
2,16,0.4491877,-0.2038091,0.1261483,-0.06051453,-0.1117672,0.08795952,-0.06197265,-0.5040685,0.4609522,Nothing,2.261628
2,17,0.4188084,0.7835564,0.1021212,-0.06133946,0.8732181,0.1521319,-0.06653678,0.4548103,0.4689479,Eat,2.602678
2,18,-0.1773349,0.5172243,-0.1532431,-0.0551715,0.4203371,0.8848434,-0.006278835,-0.2753571,0.5773764,Dig,2.719264
2,420,0.2394859,0.4233032,-0.2543014,-0.2207882,-0.2914469,0.4009646,-0.05053575,0.5795564,0.1064047,Build,0.5851852
3,0,0.529362,-0.5533933,-0.162084,-0.662442,0.805755,-0.3329421,-0.5974337,-0.1639013,-0.287101,Eat,1.989619
3,1,0.5319123,-0.544935,-0.1798211,-0.6731622,0.8332501,-0.3628567,-0.6200608,0.8150378,-0.3592951,Eat,2.055636
3,2,0.528428,-0.5527614,-0.1607536,-0.6615517,0.8033085,-0.3301177,-0.5952535,-0.1629717,-0.2810593,Eat,1.978919
3,3,-0.5261111,-1.441838,-1.049998,-0.7564091,-1.047044,-0.503328,-0.5865065,-1.280942,-0.6092634,Dig,2.518646
3,4,0.4885213,-0.4390922,-0.1916164,-0.7047682,0.8960434,-0.4373132,-0.6373191,0.7129663,-0.5260847,Eat,2.082898
3,5,-0.4728418,-0.5254501,-1.191114,-0.6799461,-1.146521,-0.3885075,-0.6316721,-1.209125,-0.4143094,Dig,1.926168
3,6,-0.4963945,-0.5105671,-1.154841,-0.6376441,-0.2333576,-0.2977522,-0.5511838,-1.174319,-0.2031212,Nothing,1.505447
3,7,-0.4861666,-0.5316654,-1.153384,-0.6491413,-1.220683,-0.305452,-0.5693162,-1.165044,-0.2272824,Nothing,1.63989
3,8,0.1926568,0.3041394,-0.2931838,-0.08929113,0.2639918,-0.2072217,0.1763589,0.3071481,0.4228598,Nothing,1.168768
3,9,0.4531578,0.798072,0.1283799,-0.06052136,0.890341,0.07949741,-0.06161267,0.5010335,0.4600359,Eat,1.444427
3,10,-0.2137799,0.490328,-0.1426098,-0.0406773,0.3802675,0.904129,0.03395775,-0.291406,0.5846981,Dig,2.032717
3,11,-0.3860551,0.1558117,0.0004213601,0.09543808,0.1011309,0.9818645,0.4678463,-0.141905,0.6320775,Dig,2.188128
3,12,0.4476005,0.795596,0.1243487,-0.06055405,0.8874238,0.0916421,-0.06215222,0.4936051,0.4615797,Eat,1.670844
3,13,0.4534824,-0.201991,0.1304216,-0.06061712,-0.1092854,0.07776621,-0.06209308,-0.4978983,0.4591449,Nothing,1.173492
3,14,0.4447274,-0.2056323,0.1221159,-0.06061237,-0.114025,0.09785359,-0.06254344,-0.5102702,0.462363,Nothing,1.622549
3,15,-0.3659111,0.2664151,-0.06336303,0.05768425,0.1764715,0.9737669,0.3453616,-0.2331847,0.6249478,Dig,2.109282
3,16,0.4493501,-0.2037442,0.1263204,-0.06051515,-0.1116755,0.08757453,-0.06197097,-0.5038317,0.4608838,Nothing,1.488996
3,17,0.3186436,0.7435618,0.02933289,-0.06420045,0.8220587,0.3404352,-0.07837272,0.3190403,0.4920191,Eat,1.929715
3,18,-0.1756786,0.5184672,-0.1545386,-0.05630588,0.4220293,0.8841889,-0.00906246,-0.2753129,0.5770078,Dig,1.947303
3,420,0.2382778,0.4198984,-0.2520756,-0.2210766,-0.2955971,0.4026356,-0.05061653,0.5800766,0.103991,Build,0.5834568
4,0,-0.4644511,-0.5565977,-1.171878,-0.6688272,-1.175472,-0.3561348,-0.6134854,-1.171976,-0.3338052,Nothing,1.470647
4,1,-0.4890324,-0.4859513,-1.196369,-0.6935326,-1.118188,-0.42433,-0.6424652,-1.249175,-0.4881617,Dig,1.535836
4,2,0.5348063,-0.5576314,-0.1688652,-0.6670473,0.8194969,-0.3502463,-0.6094705,-0.1685112,-0.3207468,Eat,1.559755
4,3,-0.526127,-1.441745,-1.049745,-0.7563879,-1.047032,-0.5033727,-0.5862003,-1.28098,-0.6092303,Dig,1.993867
4,4,0.4851058,-0.4459508,-0.1205864,-0.7289599,-0.07063693,-0.4836837,-0.6136906,-0.2822017,-0.5765746,ForwardMove,1.554833
4,5,-0.4634334,-0.5415615,-1.185082,-0.6775051,-1.141435,-0.4050087,-0.6319884,-1.199592,-0.4212449,Dig,1.405914
4,6,-0.4975436,-0.5080255,-1.155199,-0.6361778,-0.2347489,-0.2971601,-0.5490779,-1.175553,-0.200593,Nothing,0.9867522
4,7,-0.4867852,-0.5303854,-1.153463,-0.648421,-1.221475,-0.3049849,-0.5681859,-1.165597,-0.225762,Nothing,1.120862
4,8,0.1726209,0.362893,-0.2986988,-0.04610137,0.2182521,-0.1982615,0.2393797,0.2540918,0.4571279,Nothing,0.6509337
4,9,0.4522913,0.7977389,0.1273316,-0.06051486,0.889854,0.0816127,-0.06161367,0.4997313,0.4604471,Eat,1.025785
4,10,-0.2045955,0.4978125,-0.1468523,-0.0454282,0.3903265,0.8997959,0.02111333,-0.2894067,0.5827169,Dig,1.5128
4,11,-0.3861892,0.1604522,-0.003652266,0.09377208,0.1043158,0.9820078,0.4627987,-0.1472467,0.632066,Dig,1.670759
4,12,0.443922,0.7941334,0.1208636,-0.06067158,0.8856171,0.09977325,-0.06273,0.4884531,0.4627386,Eat,1.253319
4,13,0.4535103,-0.2019819,0.1305018,-0.0606255,-0.1092556,0.07765883,-0.06212555,-0.4978383,0.4591023,Nothing,0.6554051
4,14,0.4451183,-0.2054746,0.1224769,-0.06060302,-0.1138266,0.09698534,-0.06249407,-0.5097235,0.4622373,Nothing,1.103663
4,15,-0.3295008,0.3507851,-0.09322238,0.0258166,0.2382757,0.9579452,0.2384465,-0.2780107,0.6134004,Dig,1.586452
4,16,0.4495091,-0.2036805,0.1264898,-0.06051613,-0.1115851,0.08719627,-0.06197077,-0.5035996,0.4608158,Nothing,0.9705909
4,17,-0.07289954,0.5756653,-0.1360375,-0.06378233,0.5321968,0.8082144,-0.04537845,-0.1710566,0.5602753,Dig,1.410583
4,18,-0.1740675,0.5196514,-0.1557007,-0.0573486,0.4236848,0.8835223,-0.01163289,-0.2751652,0.5766538,Dig,1.428661
4,420,0.2377614,0.4184504,-0.2511202,-0.2211917,-0.2972933,0.4033031,-0.05074471,0.5802794,0.1029268,Build,0.6156378
5,0,-0.4646779,-0.5573289,-1.170266,-0.6677473,-1.178084,-0.3533458,-0.6112838,-1.170059,-0.3269825,Nothing,1.121089
5,1,-0.4781165,-0.5070212,-1.182896,-0.6927615,-1.110584,-0.4441881,-0.6409011,-1.235395,-0.4975006,Dig,1.185008
5,2,0.5356719,-0.5431477,-0.1863578,-0.6793205,0.8556109,-0.3965656,-0.6345269,0.8028299,-0.4143289,Eat,1.309619
5,3,-0.5261374,-1.441635,-1.049549,-0.7563345,-1.047045,-0.5033982,-0.58589,-1.281032,-0.609158,Dig,1.636063
5,4,0.4869872,-0.4465952,-0.1347986,-0.7237056,0.9239529,-0.4779134,-0.6192648,0.7177189,-0.568776,Eat,1.305389
5,5,-0.4524416,-0.5600149,-1.177345,-0.6747587,-1.135739,-0.4234454,-0.6316242,-1.188523,-0.4287683,Dig,1.054571
5,6,-0.498794,-0.5052525,-1.155604,-0.6345723,-0.2362605,-0.2965328,-0.5467878,-1.176907,-0.1978547,Nothing,0.6374981
5,7,-0.4874402,-0.5290226,-1.153558,-0.6476535,-1.222307,-0.3045043,-0.5669912,-1.166193,-0.2241702,Nothing,0.7712713
5,8,0.155742,0.4126342,-0.3020014,-0.00962031,0.1782674,-0.1891174,0.2942158,0.2066308,0.4851564,Nothing,0.3025618
5,9,0.451073,-0.2027372,0.1260097,-0.0605308,-0.1107876,0.08445916,-0.06171305,-0.5020396,0.460931,Nothing,0.6765749
5,10,-0.1972841,0.5035128,-0.1502261,-0.04914502,0.3982521,0.8963199,0.01121861,-0.2875384,0.5811651,Dig,1.161172
5,11,-0.3860829,0.1682937,-0.01001943,0.09102725,0.1096761,0.9820777,0.4543691,-0.1556809,0.6319619,Dig,1.320392
5,12,0.4368898,0.7913285,0.1145232,-0.0609476,0.8822594,0.1149307,-0.06402771,0.4787231,0.4647402,Eat,1.00497
5,13,0.4535377,-0.201973,0.1305828,-0.06063408,-0.1092259,0.0775518,-0.06215879,-0.4977788,0.4590591,Nothing,0.3067799
5,14,0.4454938,-0.2053227,0.1228245,-0.06059447,-0.1136349,0.09614921,-0.06244855,-0.509198,0.4621152,Nothing,0.7542264
5,15,-0.2776859,0.4273406,-0.1179263,-0.007821222,0.3064053,0.9346185,0.1304049,-0.2984433,0.5993066,Dig,1.231613
5,16,0.4496645,-0.2036182,0.1266565,-0.06051744,-0.111496,0.08682486,-0.06197194,-0.503372,0.4607484,Nothing,0.6216383
5,17,-0.08060597,0.5718585,-0.138753,-0.06391522,0.5244125,0.8147085,-0.04428108,-0.180253,0.5615056,Dig,1.06051
5,18,-0.1725146,0.5207726,-0.156737,-0.05830209,0.4252896,0.8828539,-0.01399505,-0.2749342,0.5763164,Dig,1.078564
5,420,0.2374993,0.4177283,-0.2506366,-0.2212456,-0.298103,0.403616,-0.05085861,0.580369,0.1023751,Build,0.6704252
6,0,-0.4650335,-0.5577422,-1.168797,-0.6667469,-1.180545,-0.3506797,-0.6091793,-1.168443,-0.3206291,Nothing,0.8844323
6,1,-0.4668807,-0.5280935,-1.168487,-0.6919771,-1.103708,-0.4622009,-0.6382597,-1.221267,-0.5051798,Dig,0.9466407
6,2,-0.4909859,-0.4842467,-1.162136,-0.7067391,-1.090406,-0.4688701,-0.6356065,-1.255325,-0.5398653,Dig,1.071996
6,3,-0.5261424,-1.44151,-1.049396,-0.756252,-1.047081,-0.503409,-0.5855696,-1.281097,-0.6090506,Dig,1.389156
6,4,0.4828798,-0.4475891,-0.09347539,-0.7384276,-0.06119668,-0.4935046,-0.6033961,-0.2796823,-0.5893279,ForwardMove,1.05946
6,5,-0.4406733,-0.5793414,-1.168227,-0.6719428,-1.129906,-0.4424104,-0.6302594,-1.176806,-0.4361848,Nothing,0.8171461
6,6,-0.5001593,-0.5022156,-1.15606,-0.6328068,-0.2379096,-0.295866,-0.5442871,-1.178396,-0.1948767,Nothing,0.4011692
6,7,-0.4881349,-0.5275688,-1.153672,-0.6468334,-0.2231852,-0.3040094,-0.5657257,-1.166836,-0.2224999,Nothing,0.5346021
6,8,0.1416401,0.454372,-0.3033342,0.02055394,0.14388,-0.1797934,0.341401,0.165059,0.5079917,Nothing,0.06713679
6,9,0.4512085,-0.2026827,0.1261479,-0.06052988,-0.1107141,0.08414336,-0.06170552,-0.5018448,0.4608783,Nothing,0.4403197
6,10,-0.1914047,0.5079415,-0.1529198,-0.05208465,0.4045794,0.8935012,0.003480406,-0.2858537,0.5799323,Dig,0.9213459
6,11,-0.3851967,0.182625,-0.02064964,0.0860616,0.1194015,0.981875,0.4388564,-0.1700631,0.631553,Dig,1.080571
6,12,0.4189472,0.7841638,0.09914862,-0.06168894,0.8737393,0.152484,-0.06740709,0.4540779,0.4694502,Eat,0.8692795
6,13,0.4535644,-0.2019645,0.1306645,-0.06064295,-0.1091962,0.07744531,-0.06219306,-0.4977197,0.4590154,Nothing,0.07110103
6,14,0.4458544,-0.2051768,0.1231595,-0.06058681,-0.1134499,0.09534396,-0.06240685,-0.5086927,0.4619967,Nothing,0.517724
6,15,-0.2399905,0.4677029,-0.1339986,-0.02881837,0.3507763,0.9172065,0.06795809,-0.2987133,0.5902935,Dig,0.9883546
6,16,0.4498165,-0.2035571,0.1268204,-0.06051908,-0.1114082,0.08646024,-0.06197456,-0.5031491,0.4606815,Nothing,0.3856225
6,17,-0.08647519,0.5689391,-0.140867,-0.06404976,0.5184045,0.8196243,-0.04349393,-0.1872879,0.5624416,Dig,0.8229803
6,18,-0.1710253,0.5218307,-0.1576558,-0.05917009,0.4268372,0.8821891,-0.01615826,-0.2746345,0.5759959,Dig,0.8405045
6,420,0.2373558,0.4173427,-0.2503737,-0.2212724,-0.2985159,0.4037727,-0.05094681,0.5804099,0.1020689,Build,0.7402835
7,0,-0.4654906,-0.5578926,-1.167459,-0.6658164,-1.182864,-0.3481347,-0.6071683,-1.167084,-0.314708,Nothing,0.722998
7,1,-1.45591,-0.5481058,-1.154896,-0.6909176,-1.09833,-0.4771904,-0.6350099,-1.207575,-0.5101105,Dig,0.7830623
7,2,-0.4837964,-0.4989878,-1.147473,-0.7078906,-1.084785,-0.4808561,-0.6316857,-1.244731,-0.5457903,Dig,0.9092128
7,3,-0.5261425,-1.441371,-1.049278,-0.7561429,-1.047135,-0.5034087,-0.5852342,-1.281173,-0.6089116,Dig,1.215888
7,4,0.4844009,-0.4487419,-0.101031,-0.7354153,-0.0637697,-0.4914232,-0.6065412,-0.2792851,-0.5856599,ForwardMove,0.8887118
7,5,-0.4399528,-0.5826642,-1.168837,-0.6688965,-1.137319,-0.432941,-0.6274126,-1.171735,-0.4184361,Nothing,0.6549193
7,6,-0.5016564,-0.4988755,-1.156578,-0.6308571,-0.2397166,-0.2951551,-0.5415451,-1.180043,-0.1916239,Nothing,0.2400887
7,7,-0.4888735,-0.5260147,-1.153805,-0.6459551,-0.2241132,-0.3034989,-0.5643819,-1.167532,-0.2207423,Nothing,0.3731774
7,8,0.129846,0.4894223,-0.3029282,0.04514768,0.1144769,-0.1702229,0.382017,0.1290745,0.526711,Nothing,-0.09301857
7,9,0.4513408,-0.2026294,0.1262838,-0.06052914,-0.1106418,0.08383386,-0.06169902,-0.501654,0.4608262,Nothing,0.2793423
7,10,-0.1866162,0.5114511,-0.1550815,-0.05443637,0.409708,0.8911835,-0.002664187,-0.284351,0.5789375,Dig,0.7556875
7,11,-0.3810748,0.2126703,-0.03977631,0.07564558,0.139605,0.9804002,0.405453,-0.1971278,0.6299292,Dig,0.9137869
7,12,0.3147752,-0.2574758,0.02364356,-0.06481354,-0.179565,0.3477606,-0.07999326,0.3125838,0.4932566,Nothing,0.7086174
7,13,0.4535905,-0.2019561,0.1307468,-0.0606521,-0.1091665,0.07733922,-0.06222804,-0.4976612,0.4589711,Nothing,-0.08930878
7,14,0.4462009,-0.2050365,0.1234823,-0.06058003,-0.1132712,0.0945681,-0.06236874,-0.5082066,0.4618815,Nothing,0.3564784
7,15,-0.2173246,0.4879277,-0.1437034,-0.0405673,0.3762041,0.90653,0.03498661,-0.29497,0.5852615,Dig,0.8191199
7,16,0.4499651,-0.2034974,0.1269817,-0.0605211,-0.1113218,0.08610234,-0.06197865,-0.5029305,0.460615,Nothing,0.2248665
7,17,-0.09094951,0.5667039,-0.1425227,-0.06418252,0.5137767,0.8233601,-0.04294519,-0.1926852,0.5631534,Dig,0.6603206
7,18,-0.1696002,0.5228287,-0.1584647,-0.0599575,0.4283275,0.8815304,-0.01813514,-0.274276,0.5756921,Dig,0.6768189
7,420,0.2372756,0.417134,-0.2502285,-0.2212858,-0.2987276,0.4038518,-0.05101093,0.5804278,0.1018962,Build,0.820189
8,0,-0.4660265,-0.5578264,-1.16624,-0.6649467,-1.185052,-0.3457078,-0.6052457,-1.165946,-0.3091824,Nothing,0.611669
8,1,-1.445322,-0.5669107,-1.143209,-0.68931,-1.094704,-0.489176,-0.6316175,-1.194531,-0.5119801,Dig,0.6691616
8,2,-1.476995,-0.5123557,-1.135597,-0.7083186,-1.080773,-0.4900566,-0.6283184,-1.235058,-0.5493064,Dig,0.7961547
8,3,-0.5261375,-1.441219,-1.049183,-0.7560087,-1.047205,-0.5034004,-0.5848791,-1.281259,-0.6087433,Dig,1.091501
8,4,0.4863392,-0.4502796,-0.1106792,-0.7315795,-0.06715941,-0.4885276,-0.6105675,-0.2786862,-0.5807626,ForwardMove,0.7680354
8,5,-0.4405127,-0.5838738,-1.169011,-0.6663558,-1.144535,-0.4231285,-0.6241245,-1.168024,-0.4013188,Nothing,0.542773
8,6,-0.5033057,-0.495185,-1.157166,-0.6286935,-0.2417066,-0.2943946,-0.538524,-1.181872,-0.1880541,Nothing,0.1291382
8,7,-0.4896607,-0.5243496,-1.153961,-0.645012,-0.2250968,-0.3029714,-0.5629513,-1.168285,-0.218888,Nothing,0.2618795
8,8,0.1199034,0.5190831,-0.3009379,0.06493059,0.08928522,-0.1602665,0.4172995,0.09809261,0.5422658,Nothing,-0.2030227
8,9,0.4514701,-0.2025772,0.1264171,-0.06052873,-0.1105708,0.08353055,-0.06169342,-0.5014675,0.4607748,Nothing,0.1685242
8,10,-0.182661,0.5142867,-0.1568248,-0.05633942,0.4139327,0.8892475,-0.007615076,-0.2830079,0.578122,Dig,0.6391318
8,11,-0.3610583,0.2842234,-0.07301873,0.05025622,0.1882973,0.9721256,0.3210413,-0.2481342,0.6229068,Dig,0.795161
8,12,0.3392842,-0.2476655,0.03952408,-0.06428049,-0.1663222,0.3052055,-0.07817874,0.3455963,0.4880438,Nothing,0.5980983
8,13,0.4536159,-0.2019479,0.13083,-0.06066148,-0.1091369,0.07723366,-0.06226402,-0.4976031,0.4589262,Nothing,-0.1995677
8,14,0.4465338,-0.2049015,0.1237936,-0.06057401,-0.1130985,0.09382038,-0.06233404,-0.5077389,0.4617694,Nothing,0.2453719
8,15,-0.2032382,0.4992905,-0.1497567,-0.04758099,0.3916331,0.8997912,0.01597217,-0.2914099,0.5822562,Dig,0.6989155
8,16,0.4501103,-0.2034389,0.1271404,-0.06052347,-0.1112366,0.0857511,-0.06198408,-0.5027167,0.4605491,Nothing,0.114252
8,17,-0.09432852,0.5650123,-0.1438166,-0.0643113,0.5102536,0.8261804,-0.042585,-0.1967985,0.5636886,Dig,0.547416
8,18,-0.1682353,0.5237716,-0.1591715,-0.06067003,0.4297638,0.8808778,-0.01993992,-0.2738652,0.5754037,Dig,0.562411
8,420,0.2372323,0.4170264,-0.2501513,-0.2212919,-0.2988284,0.4038884,-0.05105605,0.5804335,0.1018019,Build,0.9067927
9,0,-0.4666231,-0.5575812,-1.165128,-0.664129,-1.187118,-0.3433951,-0.6034052,-1.164996,-0.3040169,Nothing,0.5337002
9,1,-1.43505,-0.5847008,-1.133701,-0.6870322,-1.092714,-0.4987364,-0.6282935,-1.182093,-0.5110067,Dig,0.5882013
9,2,-1.470141,-0.5252535,-1.126301,-0.7078996,-1.078104,-0.4973567,-0.6256397,-1.225737,-0.5507347,Dig,0.7160816
9,3,-0.5261281,-1.441054,-1.049108,-0.7558507,-1.047291,-0.5033866,-0.5845001,-1.281354,-0.6085471,Dig,0.9995411
9,4,0.488863,-0.4524249,-0.1230985,-0.7266312,-0.07174999,-0.4843227,-0.6157265,-0.2777038,-0.573975,ForwardMove,0.6815909
9,5,-0.4420363,-0.5834277,-1.168842,-0.6642452,-1.151406,-0.4133276,-0.6205757,-1.165441,-0.385161,Nothing,0.4639633
9,6,-0.5051311,-0.4910869,-1.157838,-0.6262798,-0.2439094,-0.2935778,-0.5351781,-1.183912,-0.1841161,Nothing,0.05157273
9,7,-0.4905016,-0.5225612,-1.154142,-0.6439963,-0.2261424,-0.3024254,-0.5614241,-1.169102,-0.2169258,Nothing,0.1839633
9,8,0.1114097,0.5445009,-0.2974116,0.08057155,0.06753418,-0.1497065,0.4484467,0.07144946,0.5554451,Nothing,-0.279621
9,9,0.4515964,-0.2025262,0.126548,-0.06052843,-0.1105011,0.08323341,-0.06168895,-0.501285,0.4607238,Nothing,0.0911203
9,10,-0.1793453,0.516621,-0.158236,-0.05789571,0.4174716,0.8876025,-0.01165921,-0.2817958,0.5774425,Dig,0.5549943
9,11,-0.3022019,0.3962519,-0.1093055,0.005683659,0.2760544,0.9461724,0.1733358,-0.2955815,0.6054246,Dig,0.7082216
9,12,0.3579637,-0.2401953,0.05235455,-0.06379537,-0.1565284,0.2713834,-0.07634434,0.3708876,0.4839276,Nothing,0.5209768
9,13,0.4536407,-0.2019402,0.1309139,-0.06067128,-0.1091073,0.07712876,-0.06230098,-0.4975455,0.4588808,Nothing,-0.2764212
9,14,0.4468537,-0.2047716,0.1240939,-0.06056869,-0.1129315,0.09309959,-0.06230276,-0.5072891,0.4616604,Nothing,0.1676593
9,15,-0.1938689,0.5064024,-0.1537452,-0.05210861,0.4017633,0.8952458,0.003938014,-0.2885352,0.5803031,Dig,0.6111206
9,16,0.4502521,-0.2033817,0.1272966,-0.06052617,-0.1111526,0.08540656,-0.06199095,-0.5025072,0.4604835,Nothing,0.03703377
9,17,-0.09682072,0.5637656,-0.1448161,-0.06443494,0.5076393,0.8282661,-0.04237763,-0.1998725,0.5640804,Dig,0.4675252
9,18,-0.166925,0.5246657,-0.1597833,-0.06131336,0.4311527,0.8802295,-0.02158746,-0.2734055,0.5751293,Dig,0.4805628
9,0,-0.4907461,-0.4817035,-1.189145,-0.6966192,-1.109839,-0.4383233,-0.6407594,-1.254308,-0.5053227,Dig,5.643342
9,1,-0.5187788,-1.449362,-1.064682,-0.7467817,-1.0529,-0.5020142,-0.5898685,-1.276519,-0.5993016,Dig,5.759168
9,2,-0.5181928,-1.451005,-1.067037,-0.7467316,-1.05289,-0.5021974,-0.5929414,-1.275667,-0.5997833,Dig,5.864154
9,3,-0.5254644,-1.441152,-1.051011,-0.7544172,-1.048255,-0.5029281,-0.5841853,-1.281363,-0.6068944,Dig,5.909828
9,4,0.4766881,-0.4429944,-0.06311736,-0.7504377,0.9484257,-0.5003772,-0.5904409,0.7190366,-0.6026636,Eat,5.974089
9,5,-0.5180535,-1.447929,-1.073961,-0.7431434,-1.056398,-0.4984749,-0.5921527,-1.277959,-0.5943611,Dig,5.647783
9,6,-0.4886023,-0.5248333,-1.1545,-0.6459421,-1.223113,-0.3049204,-0.5640947,-1.168969,-0.223839,Nothing,5.214252
9,7,-0.4763298,-0.5451891,-1.158337,-0.657146,-1.204707,-0.3220365,-0.585913,-1.164101,-0.2633235,Nothing,5.390352
9,8,0.3661453,-0.1783176,-0.2157453,-0.4297732,-0.4155887,-0.2531956,-0.2780078,-0.3517932,0.08808878,ForwardMove,4.865157
9,9,0.4451461,-0.2052944,0.1215321,-0.06066766,-0.1137352,0.09720442,-0.06261287,-0.5099776,0.4624702,Nothing,5.274522
9,10,-0.1838466,0.5136115,-0.1575549,-0.05657322,0.4125437,0.8901975,-0.007879228,-0.2846493,0.5782756,Dig,5.593243
9,11,-0.3845154,0.1966208,-0.03167054,0.08068285,0.1287574,0.9819181,0.4219959,-0.1854548,0.6309582,Dig,5.777935
9,12,-0.1465373,0.5375071,-0.1610385,-0.06433059,0.4523872,0.8674616,-0.03159751,-0.2569782,0.572643,Dig,5.717447
9,13,0.4519926,-0.2027789,0.1300878,-0.06060542,-0.1100471,0.08070906,-0.06229077,-0.4996377,0.4593055,Nothing,4.872722
9,14,0.4203676,-0.2157223,0.1029085,-0.06136867,-0.1258948,0.1489417,-0.06653327,0.4568122,0.4685803,Nothing,5.357741
9,15,-0.1989968,0.5026667,-0.1523007,-0.05012146,0.3961892,0.8979458,0.009392238,-0.2909005,0.5813053,Dig,5.643095
9,16,0.4406987,-0.2075465,0.1202326,-0.06064631,-0.1160741,0.1060411,-0.06307586,-0.5153013,0.4630751,Nothing,5.232705
9,17,-0.163033,0.5278248,-0.1637552,-0.06332505,0.4338964,0.8790405,-0.02602623,-0.2734206,0.5751545,Dig,5.672147
9,18,-0.1685158,0.5237436,-0.160307,-0.06133503,0.4293091,0.8814037,-0.02129142,-0.2751967,0.5753823,Dig,5.501378
9,420,0.6206779,0.1482223,0.1735421,-0.7276846,-1.010259,0.6091067,-0.1499856,0.07597101,0.1459967,ForwardMove,1
ANTVOLUTION
10,0,0.09491403,0.5683395,-0.2284611,0.1645937,-0.07171225,-0.06167142,0.6108167,-0.007570539,0.6680267,Nothing,5.58808
10,1,0.09803174,0.5587519,-0.2289261,0.1587337,-0.06217363,-0.06659772,0.6012,0.002321984,0.6634228,Nothing,5.708869
10,2,0.09549646,0.5655524,-0.2296838,0.1642861,-0.06967083,-0.06384975,0.607852,-0.005296263,0.6672444,Nothing,5.811908
10,3,0.1376932,0.4408845,-0.2212851,0.0891299,0.04154439,-0.1018838,0.4825661,0.1235463,0.6104593,Nothing,5.846061
10,4,0.1276087,0.4686532,-0.2229849,0.1079966,0.0137225,-0.09185659,0.5106177,0.09710545,0.6261179,Nothing,5.923586
10,5,0.1041709,0.5413284,-0.2270999,0.146706,-0.04548453,-0.07192032,0.5838573,0.02172648,0.6551257,Nothing,5.598073
10,6,0.09072317,0.5841386,-0.2245651,0.1694718,-0.08444984,-0.05247181,0.6276117,-0.02261443,0.6735319,Nothing,5.161797
10,7,0.09282359,0.5763375,-0.2266029,0.1669888,-0.07795855,-0.05721017,0.6192601,-0.01520578,0.6706729,Nothing,5.341001
10,8,0.08707704,0.5979802,-0.2167129,0.1707007,-0.0961563,-0.04001828,0.6437762,-0.03385454,0.6790414,Nothing,4.81136
10,9,0.3692079,-0.1952183,0.1893197,0.2533804,0.1303878,0.7025688,0.2808861,0.6712313,0.6619523,Dig,5.223129
10,10,0.3917531,-0.2949241,0.1831647,0.2093814,0.211811,0.6798294,0.1681303,-0.2841862,0.6185184,Dig,5.531131
10,11,0.536931,-0.7807099,0.2341071,-0.1927152,-0.3418751,0.5549753,-0.566748,-0.02988899,0.218101,Dig,5.712721
10,12,0.372259,-0.2112816,0.1858465,0.2496137,0.1416544,0.6982739,0.2628016,0.6776064,0.6565331,Dig,5.666844
10,13,0.3680941,-0.1850121,0.1998744,0.2468783,0.1274296,-0.2911825,0.2937065,-0.3298099,0.6627446,Nothing,4.818971
10,14,0.37205,-0.2075385,0.1888448,0.247795,0.1406543,0.7000751,0.2674097,0.676888,0.6566043,Dig,5.306633
10,15,0.4014402,-0.3390112,0.1807009,0.1900708,0.2468881,0.6701761,0.1122571,-0.263944,0.598456,Dig,5.579808
10,16,0.3713481,-0.2031248,0.1906325,0.2478854,0.138062,0.7015854,0.2725363,0.6754369,0.6577482,Dig,5.182037
10,17,0.3761547,-0.2275237,0.1854331,0.2416051,0.1556035,0.6947139,0.2452732,0.6850334,0.6491494,Dig,5.621858
10,18,0.3826842,-0.25268,0.1863308,0.2266406,0.1786636,0.6892205,0.2186619,-0.3031188,0.6364705,Dig,5.43925
10,420,0.6206872,0.148179,0.173493,-0.7276713,-1.010268,0.6090863,-0.150006,0.07598311,0.1459821,ForwardMove,0.99
11,0,0.0949733,0.568216,-0.2284124,0.1644348,-0.07153651,-0.06170858,0.610702,-0.007412216,0.6679292,Nothing,5.531849
11,1,0.09832202,0.5579177,-0.228872,0.1581502,-0.06133809,-0.06692079,0.6003738,0.003234658,0.6630101,Nothing,5.656168
11,2,0.09565302,0.5651115,-0.2296471,0.1639603,-0.06921586,-0.06402106,0.607417,-0.004805111,0.6670191,Nothing,5.757906
11,3,0.1320991,0.4574202,-0.2226815,0.0985677,0.02758222,-0.09773872,0.4993346,0.107321,0.6180026,Nothing,5.777841
11,4,0.1304612,0.460218,-0.2222437,0.1030535,0.02096434,-0.0940471,0.5020989,0.1055476,0.6222866,Nothing,5.872446
11,5,0.1047963,0.5395147,-0.2269838,0.1455196,-0.04375721,-0.07255277,0.5820457,0.02367459,0.6542635,Nothing,5.54618
11,6,0.0908163,0.5839531,-0.2244531,0.169205,-0.08418956,-0.05248825,0.6274487,-0.02234905,0.6733897,Nothing,5.108962
11,7,0.0930365,0.5757504,-0.2265396,0.1665349,-0.07734266,-0.05742635,0.6186799,-0.01453285,0.6703671,Nothing,5.29087
11,8,0.0871006,0.5980655,-0.2163614,0.1703821,-0.09611606,-0.03971849,0.6439565,-0.03376625,0.6790105,Nothing,4.758237
11,9,0.3692251,-0.195114,0.1893335,0.2533573,0.1303762,0.7025567,0.2810374,0.6711812,0.6619329,Dig,5.171397
11,10,0.3897049,-0.285033,0.1840407,0.2128819,0.2043913,0.6817241,0.1810678,-0.2887411,0.6226743,Dig,5.46504
11,11,0.4878412,-0.660358,0.1997236,-0.03801358,0.5349327,0.5923906,-0.3701801,-0.1006573,0.3726619,Dig,5.640716
11,12,0.372264,-0.2111787,0.1858728,0.2495653,0.1416526,0.6982568,0.2629934,0.6775496,0.6565241,Dig,5.616171
11,13,0.3680884,-0.1848239,0.2002023,0.2466099,0.1274476,-0.2910151,0.2939719,-0.3297822,0.6627142,Nothing,4.765604
11,14,0.3720576,-0.2073375,0.1888772,0.2477647,0.1406044,0.7000665,0.2677092,0.6767894,0.6566014,Dig,5.254833
11,15,0.3970995,-0.3189002,0.1819594,0.1982997,0.2312537,0.6742314,0.1391576,-0.2733383,0.6076126,Dig,5.510742
11,16,0.3713854,-0.2030081,0.1906428,0.2478332,0.1380823,0.7015512,0.2727262,0.6753749,0.6576985,Dig,5.131295
11,17,0.376118,-0.2271524,0.1855151,0.2415649,0.1554539,0.6947178,0.2458828,0.6848478,0.6492208,Dig,5.569672
11,18,0.3818636,-0.2484032,0.1868538,0.2278789,0.1755965,0.6899886,0.2241697,-0.3050462,0.6380999,Dig,5.374537
11,420,0.6206967,0.1481351,0.1734432,-0.7276579,-1.010277,0.6090658,-0.1500267,0.07599539,0.1459672,ForwardMove,0.98
12,0,0.0950281,0.5681078,-0.2283629,0.164283,-0.07137346,-0.06173939,0.610603,-0.007270067,0.6678372,Nothing,5.475485
12,1,0.09861699,0.5570714,-0.2288168,0.1575579,-0.06048989,-0.06724838,0.5995356,0.004159776,0.6625906,Nothing,5.603376
12,2,0.09580846,0.5646746,-0.2296101,0.1636358,-0.06876363,-0.06419111,0.6069861,-0.004318613,0.6667947,Nothing,5.703802
12,3,0.1274228,0.4713014,-0.2237718,0.1064691,0.01582839,-0.09413334,0.5133847,0.0935025,0.6242296,Nothing,5.709517
12,4,0.133632,0.4508592,-0.2213971,0.09757169,0.02898141,-0.09643,0.4926341,0.1148301,0.6179973,Nothing,5.821252
12,5,0.1054467,0.5376302,-0.2268625,0.144289,-0.04196488,-0.07320674,0.5801628,0.02569456,0.6533668,Nothing,5.494206
12,6,0.09091001,0.5837686,-0.224338,0.168935,-0.08392814,-0.05250247,0.6272873,-0.02208296,0.6732464,Nothing,5.056063
12,7,0.093257,0.5751414,-0.2264749,0.166066,-0.07670522,-0.05765047,0.618078,-0.01383599,0.6700506,Nothing,5.240736
12,8,0.08712327,0.598158,-0.2159946,0.1700533,-0.09607917,-0.03940343,0.6441487,-0.03367838,0.6789813,Nothing,4.705061
12,9,0.3692426,-0.1950072,0.1893489,0.2533326,0.1303639,0.7025443,0.2811939,0.6711304,0.6619136,Dig,5.119545
12,10,0.387947,-0.2764699,0.1848766,0.2157939,0.1979986,0.683339,0.1922566,-0.2926608,0.6262298,Dig,5.398441
12,11,0.451718,-0.5428561,0.1834907,0.06784925,0.4228954,0.6222944,-0.1789362,-0.1644791,0.477164,Dig,5.568342
12,12,0.3722685,-0.2110717,0.1859012,0.2495151,0.1416487,0.6982393,0.2631946,0.6774909,0.6565165,Dig,5.565366
12,13,0.3680804,-0.1846215,0.2005445,0.2463332,0.1274602,-0.2908392,0.2942555,-0.3297561,0.6626861,Nothing,4.712181
12,14,0.3720652,-0.2071308,0.1889128,0.247732,0.1405522,0.7000576,0.2680204,0.6766887,0.6565993,Dig,5.202871
12,15,0.3936855,-0.3028836,0.1831577,0.2044981,0.2189373,0.677409,0.1603223,-0.2807543,0.6146927,Dig,5.441253
12,16,0.3714234,-0.2028864,0.1906565,0.2477777,0.1381013,0.7015164,0.2729273,0.6753113,0.6576487,Dig,5.080417
12,17,0.3760797,-0.2267713,0.1856031,0.24152,0.1552983,0.6947204,0.2465174,0.6846581,0.6492972,Dig,5.517256
12,18,0.3811213,-0.2444833,0.1873645,0.2289721,0.1727922,0.6906814,0.2292436,-0.3068019,0.6395846,Dig,5.309391
12,420,0.6207063,0.1480908,0.1733928,-0.7276442,-1.010286,0.609045,-0.1500477,0.07600775,0.145952,ForwardMove,0.97
