Epoch,Generation,Top Ant Fitness, Queen Fitness, Blocks Built
1,1,3.71065,1.064853,0
1,2,3.564833,1.11,0
1,3,3.391008,1.132094,0
1,4,3.156157,1.196586,0
1,5,2.917914,1.261248,0
1,6,2.623379,1.283609,0
1,7,2.321166,1.31,0
1,8,1.97458,1.323735,0
1,9,1.675823,1.33264,0
1,10,1.547728,1.353173,0
1,11,1.404875,1.382993,0
1,12,1.404501,1.422722,0
1,13,1.397126,1.462496,0
1,14,1.451429,1.505175,0
1,15,1.358689,1.54214,0
1,16,1.355898,1.554643,0
1,17,1.375968,1.542836,0
1,18,1.389416,1.534986,0
1,19,1.395343,1.530933,0
1,20,1.392748,1.530484,0
1,21,1.380531,1.533415,0
1,22,1.357511,1.53949,0
1,23,1.322452,1.548464,0
1,24,1.30002,1.553963,0
1,25,2.259853,1.560096,0
1,26,2.13636,1.574151,0
1,27,1.776878,1.590405,0
1,28,1.428928,1.608651,0
1,29,1.261171,1.628697,0
1,30,1.21416,1.608697,0
1,31,1.236597,1.588697,0
1,32,1.119908,1.568697,0
1,33,1.164451,1.548697,0
1,34,1.225872,1.528697,0
1,35,1.29757,1.508697,0
1,36,1.368526,1.488697,0
1,37,1.428032,1.468697,0
1,38,1.46541,1.448697,0
1,39,1.469338,1.428697,0
1,40,1.429756,1.408697,0
1,41,1.309756,1.388697,0
1,42,1.189756,1.368697,0
1,43,1.069756,1.348697,0
1,44,0.9497563,1.328697,0
1,45,0.8297563,1.308697,0
1,46,0.7097563,1.288697,0
1,47,0.5897563,1.268697,0
1,48,0.4697563,1.248697,0
1,49,0.3497563,1.228697,0
1,50,0.2297563,1.208697,0
1,51,0.2297563,1.208697,0
1,52,0.2297563,1.208697,0
1,53,0.1697563,1.198697,0
1,54,0.1697563,1.198697,0
1,55,0.1097563,1.188697,0
1,56,0.1097563,1.188697,0
1,57,0.1097563,1.188697,0
1,58,0.1097563,1.188697,0
1,59,0.1097563,1.188697,0
2,0,1.325011,1.116667,2
2,1,0.1556453,1.107778,3
2,2,0.0692986,1.087778,3
2,3,-0.02980023,1.067778,3
2,4,-0.1411749,1.047778,3
2,5,-0.2642347,1.027778,3
2,6,-0.3983052,1.007778,3
2,7,-0.5426583,0.9877777,3
2,8,-0.6965419,0.9677777,3
2,9,-0.8592007,0.9477777,3
2,10,-1.00359,0.9277777,3
2,11,-1.12359,0.9077777,3
2,12,-1.24359,0.8877777,3
2,13,-1.36359,0.8677777,3
2,14,-1.48359,0.8477777,3
2,15,-1.60359,0.8277777,3
2,16,-1.72359,0.8077777,3
2,17,-1.84359,0.7877777,3
2,18,-1.96359,0.7677777,3
2,19,-2.08359,0.7477777,3
2,20,-2.20359,0.7277777,3
2,21,-2.32359,0.7077777,3
2,22,-2.44359,0.6877777,3
3,0,3.991241,1.057082,0
3,1,3.704094,1.09,0
3,2,3.490986,1.13,0
3,3,3.47687,1.148403,0
3,4,3.315113,1.194605,0
3,5,3.132748,1.203209,0
3,6,3.08233,1.232491,0
3,7,3.026299,1.225899,0
3,8,2.906299,1.205899,0
3,9,2.786299,1.185899,0
3,10,2.666299,1.165899,0
3,11,2.546299,1.145899,0
3,12,2.426299,1.125899,0
3,13,2.306299,1.105899,0
3,14,2.186299,1.085899,0
3,15,2.066299,1.065899,0
3,16,1.946299,1.045899,0
3,17,1.826299,1.025899,0
3,18,1.706299,1.005899,0
3,19,1.586299,0.9858989,0
3,20,1.466299,0.9658989,0
3,21,1.346299,0.9458989,0
3,22,1.226299,0.9258989,0
3,23,1.106299,0.9058989,0
3,24,0.9862988,0.8858989,0
3,25,0.8662989,0.8658989,0
3,26,0.7462988,0.8458989,0
3,27,0.6262988,0.8258989,0
3,28,0.5062988,0.8058989,0
3,29,0.3862988,0.7858989,0
3,30,0.2662988,0.7658989,0
3,31,0.1462988,0.7458989,0
3,32,0.02629883,0.7258989,0
3,33,-0.09370117,0.7058989,0
3,34,-0.2137012,0.6858989,0
3,35,-0.3337012,0.6658989,0
3,36,-0.4537012,0.6458989,0
3,37,-0.5737011,0.625899,0
3,38,-0.6937011,0.6058989,0
3,39,-0.8137012,0.5858989,0
3,40,-0.9337012,0.565899,0
3,41,-1.053701,0.5458989,0
3,42,-1.173701,0.5258989,0
3,43,-1.293701,0.505899,0
3,44,-1.413701,0.4858989,0
3,45,-1.533701,0.4658989,0
3,46,-1.653701,0.4458989,0
3,47,-1.773701,0.4258989,0
3,48,-1.893701,0.4058989,0
3,49,-2.013701,0.3858989,0
3,50,-2.073701,0.3758989,0
3,51,-2.073701,0.3758989,0
3,52,-2.073701,0.3758989,0
3,53,-2.073701,0.3758989,0
3,54,-2.073701,0.3758989,0
3,55,-1.547548,0.3758989,0
3,56,-1.547548,0.3758989,0
3,57,-1.547548,0.3758989,0
3,58,-1.547548,0.3758989,0
3,59,-1.547548,0.3758989,0
4,0,3.052119,1.05,0
4,1,2.763524,1.064868,0
4,2,2.530373,1.087477,0
4,3,2.387799,1.099706,0
4,4,2.46,1.128403,0
4,5,2.326574,1.118473,0
4,6,2.196165,1.098473,0
4,7,2.055798,1.078473,0
4,8,1.906138,1.058473,0
4,9,1.747858,1.038473,0
4,10,1.581624,1.018473,0
4,11,1.408079,0.9984732,0
4,12,1.22784,0.9784732,0
4,13,1.041484,0.9584732,0
4,14,0.8495477,0.9384732,0
4,15,0.6987942,0.9184732,0
4,16,0.5787942,0.8984732,0
4,17,0.4587942,0.8784732,0
4,18,0.3387943,0.8584732,0
4,19,0.2187943,0.8384732,0
4,20,0.09879425,0.8184732,0
4,21,-0.02120575,0.7984732,0
4,22,-0.1412057,0.7784732,0
4,23,-0.2612058,0.7584732,0
4,24,-0.3812057,0.7384732,0
4,25,-0.5012057,0.7184732,0
4,26,-0.4626282,0.7237211,0
4,27,-0.5826282,0.7037212,0
4,28,-0.7026282,0.6837212,0
4,29,-0.8226282,0.6637211,0
4,30,-1.001206,0.6384732,0
4,31,-1.121206,0.6184732,0
4,32,-1.241206,0.5984732,0
4,33,-1.361206,0.5784732,0
4,34,-1.481206,0.5584732,0
4,35,-1.601206,0.5384732,0
4,36,-1.721206,0.5184732,0
4,37,-1.841206,0.4984732,0
4,38,-1.961206,0.4784732,0
4,39,-2.081206,0.4584732,0
4,40,-2.201206,0.4384732,0
4,41,-2.321206,0.4184732,0
4,42,-2.441206,0.3984732,0
4,43,-2.561206,0.3784732,0
4,44,-2.681206,0.3584732,0
4,45,-2.801206,0.3384732,0
4,46,-2.921206,0.3184732,0
4,47,-3.041206,0.2984732,0
4,48,-3.161206,0.2784732,0
4,49,-3.281206,0.2584732,0
4,50,-3.232628,0.2637212,0
4,51,-3.684342,0.2637212,0
4,52,-3.77,0.2384732,0
4,53,-4.063546,0.2384732,0
4,54,-4.063546,0.2384732,0
4,55,-2.109114,0.2384732,0
4,56,-1.93068,0.2437212,0
4,57,-1.93068,0.2437212,0
5,0,4.023321,1.05,0
5,1,4.156709,1.09,0
5,2,2.736321,0.95,1
5,3,1.126374,0.9233333,3
5,4,0.5133913,0.9855556,4
5,5,0.4388319,1.002638,4
5,6,0.3420037,1.039249,4
5,7,0.0460778,1.184064,5
5,8,-0.2481228,1.477247,7
5,9,-0.3824497,1.475017,7
6,0,2.881377,1.05,0
6,1,2.582039,1.09,0
6,2,2.280599,1.13,0
6,3,1.977347,1.17,0
6,4,1.672529,1.21,0
6,5,1.366346,1.25,0
6,6,1.05897,1.29,0
6,7,0.9389697,1.27,0
6,8,0.8189697,1.25,0
6,9,0.6989697,1.23,0
6,10,0.5789697,1.21,0
6,11,0.4589697,1.19,0
6,12,0.3389697,1.17,0
6,13,0.2189697,1.15,0
6,14,0.09896973,1.13,0
6,15,-0.02103027,1.11,0
6,16,-0.1410303,1.09,0
6,17,-0.2610303,1.07,0
6,18,-0.3810303,1.05,0
6,19,-0.5010303,1.03,0
6,20,-0.6210303,1.01,0
6,21,-0.7410303,0.99,0
6,22,-0.8610303,0.97,0
6,23,-0.9810303,0.95,0
6,24,-1.10103,0.93,0
6,25,-1.22103,0.91,0
6,26,-1.34103,0.89,0
6,27,-1.46103,0.87,0
6,28,-1.58103,0.85,0
6,29,-1.70103,0.83,0
6,30,-1.82103,0.81,0
6,31,-1.94103,0.79,0
6,32,-2.06103,0.77,0
6,33,-2.181031,0.75,0
6,34,-2.301031,0.73,0
6,35,-2.421031,0.71,0
6,36,-2.541031,0.69,0
6,37,-2.661031,0.67,0
6,38,-2.793118,0.65,0
6,39,-2.821433,0.63,0
6,40,-2.941433,0.61,0
6,41,-3.061433,0.59,0
6,42,-3.181433,0.57,0
6,43,-3.301433,0.55,0
6,44,-3.421433,0.53,0
6,45,-3.541433,0.51,0
6,46,-3.661433,0.49,0
6,47,-3.781433,0.47,0
6,48,-3.901433,0.45,0
6,49,-4.021433,0.43,0
6,50,-4.174458,0.45,0
6,51,-2.652396,0.45,0
6,52,-2.652396,0.45,0
6,53,-2.652396,0.45,0
6,54,-2.652396,0.45,0
6,55,-1.893095,0.45,0
6,56,-0.6673332,0.45,0
6,57,-0.6673332,0.45,0
7,0,3.983333,0.8866667,1
7,1,2.895282,1.117778,3
7,2,1.527284,1.323457,5
7,3,0.7838686,1.670425,7
7,4,0.6638685,1.650425,7
7,5,0.5438686,1.630425,7
7,6,0.4238686,1.610425,7
8,0,5.201669,1.02,0
8,1,4.963485,1.07,0
8,2,4.664555,1.11,0
8,3,4.359375,1.15,0
8,4,4.050306,1.19,0
8,5,3.738675,1.23,0
8,6,3.440954,1.27,0
8,7,3.231314,1.31,0
8,8,3.008199,1.35,0
8,9,1.504866,1.253333,1
8,10,-0.004612141,1.274815,3
8,11,-0.6427909,1.473251,5
8,12,-0.7996557,1.750334,7
8,13,-0.767841,2.062371,9
9,0,4.782416,1.05,0
9,1,4.733722,1.09,0
9,2,4.651191,1.13,0
9,3,4.531191,1.17,0
9,4,4.373722,1.21,0
9,5,4.182416,1.25,0
9,6,4.05381,1.236197,0
9,7,3.93381,1.216197,0
9,8,3.81381,1.196197,0
9,9,3.69381,1.176197,0
9,10,3.57381,1.156197,0
9,11,3.45381,1.136197,0
9,12,3.33381,1.116197,0
9,13,3.21381,1.096197,0
9,14,3.09381,1.076197,0
9,15,2.97381,1.056197,0
9,16,2.85381,1.036197,0
9,17,2.66,0.9954101,0
9,18,2.54,0.9754102,0
9,19,2.42,0.9554102,0
9,20,2.367438,0.9354101,0
9,21,2.247438,0.9154102,0
9,22,2.127438,0.8954102,0
9,23,2.007438,0.8754101,0
9,24,1.887438,0.8554102,0
9,25,1.824411,0.8354102,0
9,26,1.704411,0.8154101,0
9,27,1.584411,0.7954102,0
9,28,1.376396,0.7754102,0
9,29,1.22,0.7554101,0
9,30,1.1,0.7354102,0
9,31,1.095081,0.7561967,0
9,32,1.021495,0.7361967,0
9,33,0.9014952,0.7161967,0
9,34,0.7814952,0.6961967,0
9,35,0.6614952,0.6761967,0
9,36,0.5414952,0.6561967,0
9,37,0.37,0.6154102,0
9,38,0.25,0.5954102,0
9,39,0.13,0.5754102,0
9,40,0.01,0.5554102,0
9,41,-0.11,0.5354102,0
9,42,-0.23,0.5154102,0
9,43,-0.35,0.4954102,0
9,44,-0.47,0.4754102,0
9,45,-0.59,0.4554102,0
9,46,-0.71,0.4354102,0
9,47,-0.83,0.4154102,0
9,48,-0.95,0.3954102,0
9,49,-1.07,0.3754102,0
9,50,-1.028505,0.3961967,0
9,51,-0.502971,0.3761967,0
9,52,-0.4617822,0.3354102,0
10,0,5.559495,1.05,0
10,1,5.541292,1.09,0
10,2,2.641717,0.8744444,2
10,3,2.751195,0.8615265,2
10,4,2.639052,0.8693128,2
10,5,2.72352,0.8493127,2
10,6,2.730717,0.8293127,2
10,7,2.610718,0.8093128,2
10,8,2.490717,0.7893127,2
10,9,2.370718,0.7693127,2
10,10,2.250717,0.7493128,2
10,11,2.130718,0.7293127,2
10,12,2.010717,0.7093127,2
10,13,1.890718,0.6893128,2
10,14,1.247261,0.9121795,4
10,15,0.8769757,1.256761,6
11,0,5.373147,1.02,0
11,1,5.439808,1.064853,0
11,2,5.387352,1.11,0
11,3,5.267352,1.174307,0
11,4,5.139495,1.174558,0
11,5,5.019495,1.154558,0
11,6,4.899495,1.134558,0
11,7,4.779495,1.114558,0
11,8,4.659495,1.094558,0
11,9,4.539495,1.074558,0
11,10,4.419495,1.054558,0
11,11,4.299495,1.034558,0
11,12,4.309324,1.014558,0
11,13,4.339324,1.004558,0
11,14,4.219324,0.9845584,0
11,15,4.099324,0.9645584,0
11,16,3.979324,0.9445584,0
11,17,3.859324,0.9245584,0
11,18,3.739324,0.9045584,0
11,19,3.619324,0.8845584,0
11,20,3.499324,0.8645584,0
11,21,3.379324,0.8445584,0
11,22,3.259324,0.8245584,0
11,23,3.189324,0.8145584,0
11,24,3.069324,0.7945584,0
11,25,2.949324,0.7745584,0
11,26,2.829324,0.7545584,0
11,27,2.709324,0.7345584,0
11,28,2.589324,0.7145584,0
11,29,2.469324,0.6945584,0
11,30,2.349324,0.6745584,0
11,31,2.229324,0.6545584,0
11,32,2.109324,0.6345584,0
11,33,1.989324,0.6145584,0
11,34,1.869324,0.5945584,0
11,35,1.749324,0.5745584,0
11,36,1.629324,0.5545584,0
11,37,1.509324,0.5345584,0
11,38,1.389324,0.5145584,0
11,39,1.269324,0.4945584,0
11,40,1.149324,0.4745584,0
11,41,1.029324,0.4545584,0
11,42,0.9093236,0.4345584,0
11,43,0.7893236,0.4145584,0
11,44,0.6693236,0.3945584,0
11,45,0.5493236,0.3745584,0
11,46,0.4293236,0.3545584,0
11,47,0.3093236,0.3345584,0
11,48,0.1893236,0.3145584,0
11,49,0.06932358,0.2945584,0
11,50,-0.05067642,0.2745584,0
11,51,-0.07067642,0.2745584,0
11,52,-0.09067642,0.2745584,0
11,53,0.02007895,0.2745584,0
11,54,0.08820385,0.2645584,0
11,55,0.2274564,0.2545584,0
12,0,4.544214,1.05,0
12,1,4.580094,1.09,0
12,2,4.534708,1.1,0
12,3,4.414708,1.08,0
12,4,4.294708,1.06,0
12,5,4.223966,1.04,0
12,6,4.335988,1.02,0
12,7,4.313723,1,0
12,8,4.181465,0.98,0
12,9,4.028759,0.96,0
12,10,3.916254,0.94,0
12,11,3.785206,0.92,0
12,12,3.810688,0.9,0
12,13,3.604611,0.88,0
12,14,3.440954,0.86,0
12,15,3.257155,0.84,0
12,16,3.016603,0.82,0
12,17,2.749443,0.8,0
12,18,2.533992,0.78,0
12,19,2.309904,0.76,0
12,20,2.189904,0.74,0
12,21,1.958684,0.72,0
12,22,1.721641,0.7,0
12,23,1.651641,0.69,0
12,24,1.531641,0.67,0
12,25,1.411641,0.65,0
12,26,1.23129,0.63,0
12,27,1.11129,0.61,0
12,28,0.867533,0.59,0
12,29,0.6203818,0.57,0
12,30,0.370517,0.55,0
12,31,0.2534634,0.5358846,0
12,32,0.1334634,0.5158846,0
12,33,0.01346344,0.4958845,0
12,34,-0.1065366,0.4758846,0
12,35,-0.2265366,0.4558845,0
12,36,-0.3465365,0.4358846,0
12,37,-0.4665366,0.4158846,0
12,38,-0.5865366,0.3958845,0
12,39,-0.7065365,0.3758846,0
12,40,-0.9610035,0.3558846,0
12,41,-1.081004,0.3358845,0
12,42,-1.201004,0.3158846,0
12,43,-1.321004,0.2958846,0
12,44,-1.441004,0.2758846,0
12,45,-1.561004,0.2558846,0
12,46,-1.681004,0.2358846,0
12,47,-1.801004,0.2158846,0
12,48,-1.921004,0.1958846,0
12,49,-2.041003,0.1758846,0
12,50,-2.101004,0.1658846,0
12,51,-2.325454,0.1658846,0
12,52,-3.566262,0.1658846,0
12,53,-3.214926,0.1558846,0
12,54,-3.214926,0.1558846,0
12,55,-1.19545,0.1558846,0
12,56,-1.19545,0.1558846,0
13,0,2.117883,0.8866667,1
13,1,0.9224692,1.117778,3
13,2,0.7581175,1.097778,3
13,3,0.5868895,1.077778,3
13,4,0.4021036,1.057778,3
13,5,0.2043862,1.037778,3
13,6,-0.001998863,1.017778,3
13,7,-0.1219989,0.9977777,3
13,8,-0.1992674,0.9777777,3
13,9,-0.4023498,0.9577777,3
13,10,-0.5159483,0.9377777,3
13,11,-0.637055,0.9177777,3
13,12,-0.5457089,0.8977777,3
13,13,-0.5578783,0.8777777,3
13,14,-0.5577943,0.8577777,3
13,15,-0.4827334,0.8377777,3
13,16,-0.3838009,0.8177777,3
13,17,-0.316661,0.7977777,3
13,18,-0.2638926,0.7777777,3
13,19,-0.2060475,0.7577777,3
13,20,-0.3443375,0.7377777,3
13,21,-0.33834,0.7177777,3
13,22,-0.3226603,0.6977777,3
14,0,4.703778,1.032426,0
14,1,4.665566,1.053485,0
14,2,4.394512,1.033485,0
14,3,4.456573,1.013485,0
14,4,4.332595,0.9934847,0
14,5,4.058135,0.9734848,0
14,6,3.937363,0.9534847,0
14,7,3.94752,0.9334847,0
14,8,3.929968,0.9134848,0
14,9,3.897668,0.8934847,0
14,10,3.845715,0.8734847,0
14,11,3.792503,0.8534847,0
14,12,3.694442,0.8334847,0
14,13,3.589089,0.8134847,0
14,14,3.492883,0.7819615,0
14,15,3.175544,0.7619615,0
14,16,3.053049,0.7419615,0
14,17,2.838435,0.7219615,0
14,18,2.610081,0.7019615,0
14,19,2.447153,0.6819615,0
14,20,2.330081,0.6619615,0
14,21,2.20681,0.6419615,0
14,22,2.091617,0.6219615,0
14,23,1.961112,0.6019615,0
14,24,1.822982,0.5819615,0
14,25,1.767581,0.5619615,0
14,26,1.609636,0.5419615,0
14,27,1.479407,0.537082,0
14,28,1.294849,0.5234847,0
14,29,1.246876,0.5134847,0
14,30,1.143278,0.4934847,0
14,31,1.02933,0.4734847,0
14,32,0.9049665,0.4534847,0
14,33,0.7702496,0.4334847,0
14,34,0.6253653,0.4134847,0
14,35,0.4706153,0.3934847,0
14,36,0.3064004,0.3734847,0
14,37,0.1331995,0.3534847,0
14,38,-0.04844818,0.3334847,0
14,39,-0.2379657,0.3134847,0
14,40,-0.434758,0.2934847,0
14,41,-0.554758,0.2734847,0
14,42,-1.181833,0.2634847,0
14,43,-1.301833,0.2434847,0
14,44,-1.421833,0.2234847,0
14,45,-1.541833,0.2034847,0
14,46,-1.661833,0.1834847,0
14,47,-1.781833,0.1634847,0
14,48,-1.901833,0.1434847,0
14,49,-2.021833,0.1234847,0
14,50,-2.141833,0.1034847,0
14,51,-2.201833,0.0934847,0
14,52,-2.201833,0.0934847,0
14,53,-2.201833,0.0934847,0
14,54,-0.8874607,0.0934847,0
14,55,-0.8442222,0.0934847,0
14,56,-0.7614825,0.08348469,0
14,57,-0.7614825,0.08348469,0
14,58,-0.8366185,0.0734847,0
15,0,2.008383,0.8866667,1
15,1,2.066242,0.8666666,1
15,2,2.059409,0.8466666,1
15,3,1.939409,0.8266667,1
15,4,1.925226,0.8066666,1
15,5,1.715959,0.7866666,1
15,6,1.505221,0.7666667,1
15,7,1.290618,0.7466667,1
15,8,1.071626,0.7266666,1
15,9,0.8484127,0.7066666,1
15,10,0.621367,0.6866667,1
15,11,0.3909254,0.6666666,1
15,12,0.2307326,0.6466666,1
15,13,0.06692818,0.6266667,1
15,14,-0.08249535,0.6066666,1
15,15,-0.2024954,0.5866666,1
15,16,-0.3224953,0.5666667,1
15,17,-0.4424953,0.5466666,1
15,18,-0.5624954,0.5266666,1
15,19,-0.603435,0.5066667,1
15,20,-0.523435,0.4866666,1
15,21,-0.643435,0.4666666,1
15,22,-0.763435,0.4466666,1
15,23,-0.883435,0.4266666,1
15,24,-0.803435,0.4066666,1
15,25,-0.723435,0.3866667,1
15,26,-0.843435,0.3666666,1
15,27,-0.6413281,0.3266667,1
15,28,-0.1298345,0.3066666,1
15,29,-0.2498345,0.2866666,1
15,30,-0.3698345,0.2666667,1
15,31,-0.4898345,0.2466666,1
15,32,-0.6098345,0.2266666,1
15,33,-0.5262366,0.2066666,1
16,0,2.605767,0.8866667,1
16,1,1.211129,1.117778,3
16,2,-0.3068392,1.323457,5
16,3,-0.9872235,1.670425,7
16,4,-1.320343,2.080189,9
17,0,4.231926,1.032426,0
17,1,4.341689,1.047082,0
17,2,4.251143,1.068166,0
17,3,4.181209,1.09,0
17,4,4.102197,1.112094,0
17,5,4.141513,1.13622,0
17,6,4.06725,1.164605,0
17,7,3.970579,1.196749,0
17,8,3.850579,1.217094,0
17,9,3.817968,1.24107,0
17,10,3.575702,1.270532,0
17,11,3.314688,1.303927,0
17,12,3.15258,1.323649,0
17,13,2.778661,1.361369,0
17,14,2.712197,1.364826,0
17,15,2.527196,1.38542,0
17,16,2.344073,1.39624,0
17,17,2.226297,1.41,0
17,18,2.022072,1.441062,0
17,19,1.812762,1.477496,0
17,20,1.847029,1.504986,0
17,21,1.869415,1.53483,0
17,22,1.749415,1.51483,0
17,23,1.629415,1.49483,0
17,24,1.509415,1.47483,0
17,25,1.389415,1.45483,0
17,26,1.359429,1.433415,0
17,27,1.439812,1.439949,0
17,28,1.529025,1.477063,0
17,29,1.520919,1.514075,0
17,30,1.400919,1.548651,0
17,31,1.252774,1.583744,0
17,32,1.204226,1.594747,0
17,33,1.27331,1.583463,0
17,34,1.15331,1.563463,0
17,35,1.03331,1.543463,0
17,36,0.9133101,1.523463,0
17,37,0.7933101,1.503463,0
17,38,0.6733101,1.483463,0
17,39,0.5533101,1.463463,0
17,40,0.4333101,1.443463,0
17,41,0.3133101,1.423463,0
17,42,0.1933101,1.403463,0
17,43,0.07331009,1.383463,0
17,44,-0.04668991,1.363463,0
17,45,-0.1666899,1.343463,0
17,46,-0.2866899,1.323463,0
17,47,-0.4066899,1.303463,0
17,48,-0.5266899,1.283463,0
17,49,-0.6466899,1.263463,0
17,50,-0.7666899,1.243463,0
17,51,-0.7666899,1.243463,0
17,52,-0.7666899,1.243463,0
17,53,-0.7666899,1.243463,0
17,54,-0.8483882,1.243463,0
17,55,-0.9313208,1.243463,0
17,56,-0.9313208,1.243463,0
17,57,-0.7146429,1.243463,0
17,58,-0.7146429,1.243463,0
17,59,-0.7146429,1.243463,0
18,0,3.736324,1.02,0
18,1,3.602794,1.07,0
18,2,1.975187,0.9566666,1
18,3,1.937111,0.9366667,1
18,4,1.836596,0.9166666,1
18,5,1.722007,0.8966666,1
18,6,1.510219,0.8766667,1
18,7,1.377325,0.8566666,1
18,8,1.264413,0.8366666,1
18,9,1.043672,0.8166667,1
18,10,0.8224174,0.7966666,1
18,11,0.6322089,0.7766666,1
18,12,0.46105,0.7566667,1
18,13,0.3305592,0.7366666,1
18,14,0.3329591,0.7166666,1
18,15,0.2129591,0.6966667,1
18,16,0.09295906,0.6766666,1
18,17,-0.02704094,0.6566666,1
18,18,-0.1470409,0.6366667,1
18,19,-0.2670409,0.6166666,1
18,20,-0.3870409,0.5966666,1
18,21,-0.5616338,0.5766667,1
18,22,-0.6814575,0.5566666,1
18,23,-0.8617446,0.5366666,1
18,24,-1.051512,0.5166667,1
18,25,-1.24991,0.4966666,1
18,26,-1.456064,0.4766666,1
18,27,-1.676511,0.4566666,1
18,28,-1.909112,0.4366666,1
18,29,-2.063066,0.4166666,1
18,30,-2.183065,0.3966666,1
18,31,-2.303066,0.3766666,1
18,32,-2.4695,0.3566667,1
18,33,-2.5895,0.3366666,1
18,34,-2.7095,0.3166666,1
19,0,4.429034,1.05,0
19,1,4.089653,1.09,0
19,2,1.207374,0.9486086,2
19,3,-0.1643324,1.137236,4
19,4,-0.8778541,1.474125,6
19,5,-1.210168,1.660395,7
19,6,-1.449082,1.640395,7
20,0,1.974115,1.116667,2
20,1,0.04452644,1.195185,4
20,2,-0.6835153,1.485638,6
20,3,-0.761915,1.660425,7
20,4,-0.6143771,1.640425,7
20,5,-0.6426035,1.620425,7
20,6,-0.7626035,1.600425,7
21,0,4.639467,1.05,0
21,1,4.743496,1.09,0
21,2,4.481304,1.13,0
21,3,4.523757,1.17,0
21,4,4.538423,1.21,0
21,5,4.629411,1.25,0
21,6,4.659509,1.29,0
21,7,4.671062,1.33,0
21,8,4.661676,1.37,0
21,9,4.629386,1.41,0
21,10,4.572934,1.45,0
21,11,4.491235,1.46,0
21,12,4.384945,1.44,0
21,13,4.256236,1.42,0
21,14,4.202431,1.4,0
21,15,3.997724,1.38,0
21,16,3.867401,1.36,0
21,17,3.923086,1.34,0
21,18,3.975323,1.32,0
21,19,4.022476,1.3,0
21,20,4.062274,1.28,0
21,21,4.091566,1.26,0
21,22,4.106066,1.24,0
21,23,4.100201,1.22,0
21,24,4.067408,1.2,0
21,25,4.001314,1.18,0
21,26,3.894343,1.16,0
21,27,3.774343,1.14,0
21,28,3.654343,1.12,0
21,29,3.534343,1.1,0
21,30,3.474343,1.09,0
21,31,3.354343,1.07,0
21,32,3.234343,1.05,0
21,33,3.114343,1.03,0
21,34,2.994343,1.01,0
21,35,2.874343,0.99,0
21,36,2.754343,0.97,0
21,37,2.634343,0.95,0
21,38,2.514343,0.93,0
21,39,2.394343,0.91,0
21,40,2.274343,0.89,0
21,41,2.154343,0.87,0
21,42,2.034343,0.85,0
21,43,1.914343,0.83,0
21,44,1.794343,0.81,0
21,45,1.674343,0.79,0
21,46,1.554343,0.77,0
21,47,1.434343,0.75,0
21,48,1.314343,0.73,0
21,49,1.194343,0.71,0
21,50,1.134343,0.7,0
21,51,1.134343,0.7,0
21,52,1.074343,0.69,0
21,53,1.074343,0.69,0
21,54,1.074343,0.69,0
21,55,1.074343,0.69,0
21,56,1.074343,0.69,0
21,57,1.074343,0.69,0
21,58,1.074343,0.69,0
22,0,3.230181,1.02,0
22,1,3.221688,1.074868,0
22,2,3.165244,1.121555,0
22,3,3.110677,1.168473,0
22,4,3.05068,1.215466,0
22,5,2.989504,1.251141,0
22,6,2.923426,1.288044,0
22,7,2.863273,1.325725,0
22,8,1.438895,1.245031,1
22,9,-0.05742989,1.311677,3
22,10,-0.7505243,1.566821,5
22,11,-1.016856,1.909869,7
22,12,-1.12015,2.295783,9
23,0,5.967965,0.99,0
23,1,5.921528,0.97,0
23,2,5.974677,0.95,0
23,3,5.944789,0.93,0
23,4,5.921722,0.91,0
23,5,5.801722,0.89,0
23,6,5.681722,0.87,0
23,7,5.561722,0.85,0
23,8,5.441722,0.83,0
23,9,5.321722,0.81,0
23,10,5.201722,0.79,0
23,11,5.081722,0.77,0
23,12,4.961722,0.75,0
23,13,4.841722,0.73,0
23,14,4.721722,0.71,0
23,15,4.601722,0.69,0
23,16,4.494677,0.67,0
23,17,4.295856,0.65,0
23,18,4.051033,0.63,0
23,19,4.108928,0.61,0
23,20,3.9932,0.59,0
23,21,3.817544,0.57,0
23,22,3.597738,0.55,0
23,23,3.351283,0.53,0
23,24,3.090116,0.51,0
23,25,2.821131,0.49,0
23,26,2.548162,0.47,0
23,27,2.273353,0.45,0
23,28,1.997916,0.43,0
23,29,1.722539,0.41,0
23,30,1.602539,0.39,0
23,31,1.482539,0.37,0
23,32,1.362539,0.35,0
23,33,1.242539,0.33,0
23,34,1.122539,0.31,0
23,35,1.002539,0.29,0
23,36,0.8825393,0.27,0
23,37,0.7625393,0.25,0
23,38,0.6425393,0.23,0
23,39,0.5225393,0.21,0
23,40,0.4025393,0.19,0
23,41,0.2825393,0.17,0
23,42,0.1625393,0.15,0
23,43,0.04253929,0.13,0
23,44,-0.07746071,0.11,0
23,45,-0.1374607,0.1,0
23,46,-0.2574607,0.08,0
23,47,-0.3774607,0.06,0
23,48,-0.4974607,0.04,0
23,49,-0.6174607,0.02,0
23,50,-0.6774607,0.01,0
23,51,-0.6774607,0.01,0
23,52,-0.6774607,0.01,0
23,53,-0.6774607,0.01,0
23,54,-0.6774607,0.01,0
23,55,-0.6774607,0.01,0
23,56,-0.7374607,0,0
23,57,-0.7574607,0,0
24,0,4.534235,1.032426,0
24,1,4.519606,1.07,0
24,2,4.342207,1.11,0
24,3,2.512442,1.005816,1
24,4,0.4915639,1.061617,3
24,5,-0.522897,1.333361,5
24,6,-1.090745,1.703943,7
24,7,-1.210745,1.683944,7
25,0,4.656925,1.032426,0
25,1,4.57628,1.088166,0
25,2,4.424628,1.134929,0
25,3,4.252789,1.181868,0
25,4,4.062013,1.228869,0
25,5,3.892926,1.251141,0
25,6,2.472947,1.144966,1
25,7,2.545303,1.18107,1
25,8,2.612712,1.223735,1
25,9,2.648351,1.267449,1
25,10,2.593524,1.318466,1
25,11,2.55446,1.356831,1
25,12,2.422611,1.402159,1
25,13,2.265819,1.447775,1
25,14,2.05364,1.479069,1
25,15,1.828492,1.512414,1
25,16,1.558205,1.547471,1
25,17,1.365145,1.590971,1
25,18,1.100826,1.626646,1
25,19,0.9445081,1.636468,1
25,20,0.9842363,1.6245,1
25,21,0.8642363,1.6045,1
25,22,0.7442363,1.5845,1
25,23,0.8594227,1.5645,1
25,24,0.8712758,1.5445,1
25,25,0.7709869,1.5245,1
25,26,0.6583367,1.5045,1
25,27,0.5333521,1.4845,1
25,28,0.3962972,1.4645,1
25,29,0.2476466,1.4445,1
25,30,0.08804363,1.4245,1
25,31,-0.08174957,1.4045,1
25,32,-0.2609008,1.3845,1
25,33,-0.4137179,1.3645,1
25,34,-0.5337179,1.3445,1
25,35,-0.6537179,1.3245,1
26,0,3.922786,1.074853,0
26,1,3.804263,1.12,0
26,2,3.614095,1.151246,0
26,3,1.830395,1.03507,1
26,4,0.6226026,1.003243,2
26,5,0.5026026,0.9832431,2
26,6,0.3826027,0.9632431,2
26,7,0.2626027,0.9432431,2
26,8,0.1426027,0.9232431,2
26,9,0.02260265,0.9032431,2
26,10,-0.09739735,0.8832431,2
26,11,-0.2173973,0.8632431,2
26,12,-0.3373973,0.8432431,2
26,13,-0.4573973,0.8232431,2
26,14,-0.5773973,0.8032431,2
26,15,-0.6973973,0.7832431,2
26,16,-0.8173973,0.7632431,2
26,17,-0.9373973,0.7432431,2
26,18,-1.057397,0.7232431,2
26,19,-1.177397,0.7032431,2
26,20,-1.297397,0.6832431,2
26,21,-1.417397,0.6632431,2
26,22,-1.537397,0.6432431,2
26,23,-1.657397,0.6232432,2
26,24,-1.777397,0.6032431,2
27,0,4.163099,1.05,0
27,1,3.963073,1.093693,0
27,2,3.685741,1.151246,0
27,3,3.524617,1.18632,0
27,4,3.414851,1.215941,0
27,5,3.23102,1.254966,0
27,6,3.095244,1.29107,0
27,7,2.975245,1.27107,0
27,8,2.855244,1.25107,0
27,9,2.735245,1.23107,0
27,10,2.615244,1.21107,0
27,11,2.495245,1.19107,0
27,12,2.375244,1.17107,0
27,13,2.255244,1.15107,0
27,14,2.135244,1.13107,0
27,15,2.015244,1.11107,0
27,16,1.895244,1.09107,0
27,17,1.775244,1.07107,0
27,18,1.655244,1.05107,0
27,19,1.535244,1.03107,0
27,20,1.415244,1.01107,0
27,21,1.295244,0.99107,0
27,22,1.175244,0.9710701,0
27,23,1.055244,0.95107,0
27,24,0.9352444,0.93107,0
27,25,0.8152444,0.91107,0
27,26,0.8057407,0.89107,0
27,27,0.7877579,0.8795346,0
27,28,0.7604816,0.875982,0
27,29,0.6404816,0.8559821,0
27,30,0.5204816,0.8359821,0
27,31,0.4004816,0.815982,0
27,32,0.2804816,0.7959821,0
27,33,0.1604816,0.7759821,0
27,34,0.04048157,0.755982,0
27,35,-0.07951843,0.7359821,0
27,36,-0.1995184,0.7159821,0
27,37,-0.3195184,0.695982,0
27,38,-0.4395184,0.6759821,0
27,39,-0.5595185,0.6559821,0
27,40,-0.6195185,0.645982,0
27,41,-0.7395184,0.625982,0
27,42,-0.8595184,0.6059821,0
27,43,-0.9795184,0.5859821,0
27,44,-1.099518,0.565982,0
27,45,-1.219518,0.5459821,0
27,46,-1.339518,0.5259821,0
27,47,-1.459518,0.505982,0
27,48,-1.579518,0.4859821,0
27,49,-1.699518,0.465982,0
27,50,-1.759518,0.4559821,0
27,51,-1.819518,0.4459821,0
27,52,-3.958826,0.4459821,0
27,53,-3.958826,0.4459821,0
27,54,-3.958826,0.4459821,0
27,55,-3.968826,0.4459821,0
27,56,-3.988826,0.4459821,0
27,57,-2.229551,0.4459821,0
27,58,-2.229551,0.4459821,0
28,0,1.921597,0.8866667,1
28,1,1.009216,1.117778,3
28,2,-0.3361657,1.323457,5
28,3,-0.9738495,1.670425,7
28,4,-1.319096,1.891945,8
28,5,-1.317396,1.878492,8
29,0,4.584735,0.99,0
29,1,4.38135,0.98,0
29,2,4.127211,0.96,0
29,3,3.872302,0.94,0
29,4,3.752302,0.92,0
29,5,3.632302,0.9,0
29,6,3.512302,0.88,0
29,7,3.392302,0.86,0
29,8,3.272302,0.84,0
29,9,3.152302,0.82,0
29,10,3.032302,0.8,0
29,11,2.776709,0.78,0
29,12,2.656709,0.76,0
29,13,2.536709,0.74,0
29,14,2.280538,0.72,0
29,15,2.160538,0.7,0
29,16,2.040538,0.68,0
29,17,1.920538,0.66,0
29,18,1.800538,0.64,0
29,19,1.680538,0.62,0
29,20,1.560538,0.6,0
29,21,1.440538,0.58,0
29,22,1.320538,0.56,0
29,23,1.200538,0.54,0
29,24,1.080538,0.52,0
29,25,0.9605379,0.5,0
29,26,0.8405378,0.48,0
29,27,0.7205379,0.46,0
29,28,0.6005379,0.44,0
29,29,0.4805379,0.42,0
29,30,0.3605379,0.4,0
29,31,0.2405379,0.38,0
29,32,0.1205379,0.36,0
29,33,0.000537872,0.34,0
29,34,-0.1194621,0.32,0
29,35,-0.2394621,0.3,0
29,36,-0.3594621,0.28,0
29,37,-0.4794621,0.26,0
29,38,-0.5994622,0.24,0
29,39,-0.7194622,0.22,0
29,40,-0.8394621,0.2,0
29,41,-0.9594621,0.18,0
29,42,-1.079462,0.16,0
29,43,-1.199462,0.14,0
29,44,-1.319462,0.12,0
29,45,-1.439462,0.1,0
29,46,-1.559462,0.08,0
29,47,-1.679462,0.06,0
29,48,-1.799462,0.04,0
29,49,-1.919462,0.02,0
29,50,-2.039462,0,0
29,51,-2.039462,0,0
29,52,-2.039462,0,0
29,53,-2.039462,0,0
29,54,-2.039462,0,0
29,55,-2.039462,0,0
29,56,-2.039462,0,0
29,57,-2.840573,0,0
29,58,-2.840573,0,0
29,59,-2.840573,0,0
30,0,2.089427,0.99,0
30,1,1.949427,0.97,0
30,2,1.809427,0.95,0
30,3,1.669427,0.93,0
30,4,1.529427,0.91,0
30,5,1.389427,0.89,0
30,6,1.249427,0.87,0
30,7,1.109427,0.85,0
30,8,0.9694272,0.83,0
30,9,0.8294272,0.81,0
30,10,0.6894272,0.79,0
30,11,0.5494272,0.77,0
30,12,0.4094272,0.75,0
30,13,0.2694272,0.73,0
30,14,0.1376999,0.71,0
30,15,-0.00230011,0.69,0
30,16,-0.1423001,0.67,0
30,17,-0.2823001,0.65,0
30,18,-0.4223001,0.63,0
30,19,-0.5623001,0.61,0
30,20,-0.7023001,0.59,0
30,21,-0.8423001,0.57,0
30,22,-0.9823001,0.55,0
30,23,-1.1223,0.53,0
30,24,-1.2623,0.51,0
30,25,-2.113973,0.5,0
30,26,-2.233974,0.48,0
30,27,-2.353973,0.46,0
30,28,-2.473973,0.44,0
30,29,-2.593973,0.42,0
30,30,-2.713973,0.4,0
30,31,-2.833973,0.38,0
30,32,-2.953973,0.36,0
30,33,-3.073973,0.34,0
30,34,-3.193973,0.32,0
30,35,-3.313973,0.3,0
30,36,-3.433973,0.28,0
30,37,-3.559275,0.26,0
30,38,-3.679275,0.24,0
30,39,-3.811309,0.22,0
30,40,-3.931309,0.2,0
30,41,-4.051309,0.18,0
30,42,-4.171309,0.16,0
30,43,-4.309805,0.14,0
30,44,-4.454486,0.12,0
30,45,-4.60507,0.1,0
30,46,-4.72507,0.08,0
30,47,-4.881272,0.06,0
30,48,-5.042812,0.04,0
30,49,-5.185496,0.02,0
30,50,-5.245496,0.01,0
30,51,-5.245496,0.01,0
30,52,-5.387708,0,0
30,53,-5.387708,0,0
30,54,-4.53263,0,0
30,55,-4.53263,0,0
30,56,-1.215852,0,0
30,57,-1.215852,0,0
31,0,4.480548,0.99,0
31,1,4.360548,0.97,0
31,2,4.158128,0.95,0
31,3,4.038128,0.93,0
31,4,3.918128,0.91,0
31,5,3.798128,0.89,0
31,6,3.678128,0.87,0
31,7,3.558128,0.85,0
31,8,3.545707,0.83,0
31,9,3.425707,0.81,0
31,10,3.305707,0.79,0
31,11,3.185707,0.77,0
31,12,2.968826,0.75,0
31,13,2.848826,0.73,0
31,14,2.625183,0.71,0
31,15,2.505183,0.69,0
31,16,2.385183,0.67,0
31,17,2.265183,0.65,0
31,18,2.145183,0.63,0
31,19,2.025183,0.61,0
31,20,1.905183,0.59,0
31,21,1.785183,0.57,0
31,22,1.665183,0.55,0
31,23,1.545183,0.53,0
31,24,1.425183,0.51,0
31,25,1.305183,0.49,0
31,26,1.245183,0.48,0
31,27,1.125183,0.46,0
31,28,1.005183,0.44,0
31,29,0.885183,0.42,0
31,30,0.765183,0.4,0
31,31,0.645183,0.38,0
31,32,0.525183,0.36,0
31,33,0.4651831,0.35,0
31,34,0.3451831,0.33,0
31,35,0.2251831,0.31,0
31,36,0.1051831,0.29,0
31,37,-0.01481689,0.27,0
31,38,-0.1348169,0.25,0
31,39,-0.2548169,0.23,0
31,40,-0.3748169,0.21,0
31,41,-0.4948169,0.19,0
31,42,-0.6148169,0.17,0
31,43,-0.7348169,0.15,0
31,44,-0.8548169,0.13,0
31,45,-0.9748169,0.11,0
31,46,-1.094817,0.09,0
31,47,-1.214817,0.07,0
31,48,-1.334817,0.05,0
31,49,-1.454817,0.03,0
31,50,-1.514817,0.02,0
31,51,-1.514817,0.02,0
31,52,-1.514817,0.02,0
31,53,-1.574817,0.01,0
31,54,-1.574817,0.01,0
31,55,-1.574817,0.01,0
31,56,-1.574817,0.01,0
31,57,-1.634817,0,0
31,58,-1.634817,0,0
32,0,4.164671,1.05,0
32,1,4.08534,1.09,0
32,2,3.985996,1.13,0
32,3,3.865996,1.17,0
32,4,3.72534,1.21,0
32,5,3.564671,1.25,0
32,6,3.385183,1.29,0
32,7,3.188456,1.33,0
32,8,2.97628,1.37,0
32,9,2.750495,1.41,0
32,10,2.537782,1.45,0
32,11,2.523144,1.49,0
32,12,2.497782,1.53,0
32,13,2.460532,1.57,0
32,14,2.410234,1.61,0
32,15,2.345795,1.65,0
32,16,2.266252,1.69,0
32,17,2.17085,1.73,0
32,18,2.059105,1.77,0
32,19,1.93085,1.81,0
32,20,1.786252,1.85,0
32,21,1.625795,1.89,0
32,22,1.450234,1.93,0
32,23,1.260532,1.97,0
32,24,1.057782,2.01,0
32,25,0.8431445,2.05,0
32,26,0.6177823,2.09,0
32,27,0.3828195,2.13,0
32,28,0.1393112,2.17,0
32,29,-0.1117743,2.21,0
32,30,-0.3695627,2.25,0
32,31,-0.6332741,2.29,0
32,32,-0.9022177,2.33,0
32,33,-1.175788,2.37,0
32,34,-1.311934,2.41,0
32,35,-1.362815,2.45,0
32,36,-1.422002,2.49,0
32,37,-1.489856,2.53,0
32,38,-1.566703,2.57,0
32,39,-1.652828,2.61,0
32,40,-1.74846,2.65,0
32,41,-1.853769,2.69,0
32,42,-1.96886,2.73,0
32,43,-2.093769,2.77,0
32,44,-2.169896,2.79,0
32,45,-2.309443,2.83,0
32,46,-2.392828,2.85,0
32,47,-2.546704,2.89,0
32,48,-2.598671,2.900158,0
32,49,-2.54341,2.881421,0
32,50,-2.516691,2.872525,0
32,51,-1.888311,2.872525,0
32,52,-1.888311,2.872525,0
32,53,-1.888311,2.872525,0
32,54,-1.980252,2.863945,0
32,55,-2.034963,2.855679,0
32,56,-2.034963,2.855679,0
33,0,4.17697,0.99,0
33,1,3.951865,0.98,0
33,2,3.786023,0.96,0
33,3,3.841231,0.94,0
33,4,3.935172,0.92,0
33,5,4.047414,0.9,0
33,6,4.157263,0.88,0
33,7,4.259169,0.86,0
33,8,4.279701,0.84,0
33,9,4.1597,0.82,0
33,10,3.899169,0.8,0
33,11,3.850042,0.78,0
33,12,3.504266,0.76,0
33,13,3.43123,0.74,0
33,14,3.196073,0.72,0
33,15,3.08931,0.7,0
33,16,2.924072,0.68,0
33,17,2.769653,0.66,0
33,18,2.694564,0.64,0
33,19,2.574564,0.62,0
33,20,2.454564,0.6,0
33,21,2.334564,0.58,0
33,22,2.214564,0.56,0
33,23,2.094564,0.54,0
33,24,1.974564,0.52,0
33,25,1.854564,0.5,0
33,26,1.734564,0.48,0
33,27,1.614564,0.46,0
33,28,1.494564,0.44,0
33,29,1.374564,0.42,0
33,30,1.254564,0.4,0
33,31,1.134564,0.38,0
33,32,1.014564,0.36,0
33,33,0.8945642,0.34,0
33,34,0.7745642,0.32,0
33,35,0.6545642,0.3,0
33,36,0.5345642,0.28,0
33,37,0.2378093,0.26,0
33,38,-0.06953743,0.24,0
33,39,-0.3469913,0.22,0
33,40,-0.651626,0.2,0
33,41,-0.9811379,0.18,0
33,42,-1.247733,0.16,0
33,43,-1.367733,0.14,0
33,44,-1.341138,0.12,0
33,45,-1.534716,0.1,0
33,46,-1.654716,0.08,0
33,47,-1.774716,0.06,0
33,48,-1.894716,0.04,0
33,49,-2.014716,0.02,0
33,50,-1.956886,0,0
33,51,-1.956886,0,0
33,52,-2.498845,0,0
34,0,3.04497,1.057082,0
34,1,2.939161,1.09,0
34,2,2.926878,1.105885,0
34,3,2.795447,1.150454,0
34,4,2.855114,1.140434,0
34,5,2.828382,1.164955,0
34,6,2.708382,1.144955,0
34,7,2.588382,1.124955,0
34,8,2.468382,1.104954,0
34,9,2.348382,1.084955,0
34,10,2.228382,1.064955,0
34,11,2.108382,1.044955,0
34,12,1.988382,1.024955,0
34,13,1.868382,1.004955,0
34,14,1.748382,0.9849545,0
34,15,1.628382,0.9649546,0
34,16,1.508382,0.9449545,0
34,17,1.388382,0.9249545,0
34,18,1.268382,0.9049546,0
34,19,1.148382,0.8849545,0
34,20,1.028382,0.8649545,0
34,21,0.9083816,0.8449546,0
34,22,0.7883816,0.8249545,0
34,23,0.6683816,0.8049545,0
34,24,0.5483816,0.7849545,0
34,25,0.4283817,0.7649545,0
34,26,0.3083816,0.7449545,0
34,27,0.1883817,0.7249545,0
34,28,0.06838165,0.7049545,0
34,29,-0.05161835,0.6849545,0
34,30,-0.1716183,0.6649545,0
34,31,-0.2916183,0.6449545,0
34,32,-0.4116184,0.6249545,0
34,33,-0.5316184,0.6049545,0
34,34,-0.6516184,0.5849545,0
34,35,-0.7716184,0.5649545,0
34,36,-0.8916184,0.5449545,0
34,37,-0.9516184,0.5349545,0
34,38,-1.071618,0.5149545,0
34,39,-1.191618,0.4949545,0
34,40,-1.311618,0.4749545,0
34,41,-1.431618,0.4549545,0
34,42,-1.551618,0.4349545,0
34,43,-1.671618,0.4149545,0
34,44,-1.791618,0.3949545,0
34,45,-1.922786,0.3749545,0
34,46,-1.992786,0.3649545,0
34,47,-2.112786,0.3449545,0
34,48,-2.232786,0.3249545,0
34,49,-2.352786,0.3049546,0
34,50,-2.488502,0.2849545,0
34,51,-2.488502,0.2849545,0
34,52,-2.488502,0.2849545,0
34,53,-1.513201,0.2849545,0
34,54,-1.513201,0.2849545,0
34,55,-1.513201,0.2849545,0
34,56,-0.9674607,0.2749546,0
35,0,1.849764,1.116667,2
35,1,0.6292139,1.107778,3
35,2,0.5092139,1.087778,3
35,3,0.3892139,1.067778,3
35,4,0.2692139,1.047778,3
35,5,0.1492139,1.027778,3
35,6,0.0517577,1.007778,3
35,7,-0.07882671,0.9877777,3
35,8,-0.1988267,0.9677777,3
35,9,-0.3188267,0.9477777,3
35,10,-0.4388267,0.9277777,3
35,11,-0.5588267,0.9077777,3
35,12,-0.6788267,0.8877777,3
35,13,-0.7988268,0.8677777,3
35,14,-0.9188268,0.8477777,3
35,15,-1.038827,0.8277777,3
35,16,-1.158827,0.8077777,3
35,17,-1.278827,0.7877777,3
35,18,-1.398827,0.7677777,3
35,19,-1.518827,0.7477777,3
35,20,-1.638827,0.7277777,3
35,21,-1.758827,0.7077777,3
35,22,-1.878827,0.6877777,3
36,0,2.329356,1.116667,2
36,1,0.4019492,1.195185,4
36,2,-0.4850773,1.485638,6
36,3,-0.9199029,1.870283,8
36,4,-1.116146,2.070189,9
37,0,4.146462,0.99,0
37,1,4.076462,0.98,0
37,2,3.956462,0.96,0
37,3,3.836462,0.94,0
37,4,3.716462,0.92,0
37,5,3.596462,0.9,0
37,6,3.476462,0.88,0
37,7,3.356462,0.86,0
37,8,3.236462,0.84,0
37,9,3.116462,0.82,0
37,10,2.996462,0.8,0
37,11,2.876462,0.78,0
37,12,2.756462,0.76,0
37,13,2.490897,0.74,0
37,14,2.201049,0.72,0
37,15,1.88676,0.7,0
37,16,1.76676,0.68,0
37,17,1.64676,0.66,0
37,18,1.52676,0.64,0
37,19,1.288245,0.62,0
37,20,1.168245,0.6,0
37,21,0.988869,0.58,0
37,22,0.868869,0.56,0
37,23,0.748869,0.54,0
37,24,0.6355853,0.52,0
37,25,0.5155853,0.5,0
37,26,0.560415,0.48,0
37,27,0.4328792,0.46,0
37,28,0.2769617,0.44,0
37,29,0.1569617,0.42,0
37,30,0.2904727,0.4,0
37,31,0.05741455,0.38,0
37,32,-0.06258545,0.36,0
37,33,-0.1825854,0.34,0
37,34,-0.2628583,0.32,0
37,35,-0.3509674,0.3,0
37,36,-0.4582689,0.28,0
37,37,-0.5678644,0.26,0
37,38,-0.6878644,0.24,0
37,39,-0.8078644,0.22,0
37,40,-0.9278644,0.2,0
37,41,-1.047864,0.18,0
37,42,-1.167864,0.16,0
37,43,-1.287864,0.14,0
37,44,-1.407864,0.12,0
37,45,-1.527864,0.1,0
37,46,-1.647864,0.08,0
37,47,-1.754213,0.06,0
37,48,-1.870378,0.04,0
37,49,-1.996445,0.02,0
37,50,-2.132271,0,0
37,51,-2.132271,0,0
37,52,-2.132271,0,0
37,53,-2.132271,0,0
37,54,0.1753789,0,0
37,55,0.1753789,0,0
38,0,3.159569,0.8866667,1
38,1,2.164858,1.117778,3
38,2,1.088839,1.323457,5
38,3,0.4471387,1.670425,7
38,4,0.05939052,2.080189,9
39,0,3.161272,0.8866667,1
39,1,2.241429,1.117778,3
39,2,1.171154,1.323457,5
39,3,0.7040226,1.670425,7
39,4,0.4117208,2.080189,9
40,0,3.65964,0.8866667,1
40,1,2.526021,1.117778,3
40,2,1.27678,1.323457,5
40,3,0.609329,1.670425,7
40,4,0.0815011,2.080189,9
40,5,-0.008512489,2.060189,9
41,0,5.57675,1.057082,0
41,1,5.58766,1.09,0
41,2,5.055191,1.017082,0
41,3,4.883194,1.038167,0
41,4,4.494104,1.071555,0
41,5,4.121101,1.108403,0
41,6,3.912335,1.127386,0
41,7,3.822362,1.165941,0
41,8,3.455074,1.204966,0
41,9,3.278009,1.244264,0
41,10,1.853308,1.154264,1
41,11,0.4670631,1.183855,3
41,12,0.1116531,1.261336,4
41,13,-0.02405936,1.241336,4
41,14,-0.2634152,1.221336,4
41,15,-0.5211946,1.201336,4
41,16,-0.6577731,1.181336,4
41,17,-0.7777731,1.161336,4
41,18,-0.897773,1.141336,4
42,0,5.370019,1.02,0
42,1,5.462759,1.07,0
42,2,5.489957,1.11,0
42,3,5.49247,1.15,0
42,4,5.456633,1.19,0
42,5,5.367141,1.23,0
42,6,5.216633,1.27,0
42,7,5.01247,1.31,0
42,8,4.769957,1.35,0
42,9,4.502759,1.39,0
42,10,2.268846,1.257778,2
42,11,2.148846,1.237778,2
42,12,2.028846,1.217778,2
42,13,1.908846,1.197778,2
42,14,1.788846,1.177778,2
42,15,1.668846,1.157778,2
42,16,1.548846,1.137778,2
42,17,1.428846,1.117778,2
42,18,1.308846,1.097778,2
42,19,1.188846,1.077778,2
42,20,1.068846,1.057778,2
42,21,0.9488462,1.037778,2
42,22,0.8288462,1.017778,2
42,23,0.7088462,0.9977778,2
42,24,0.5888462,0.9777778,2
42,25,0.4688462,0.9577778,2
42,26,0.3488462,0.9377778,2
42,27,0.2288462,0.9177778,2
43,0,5.16103,1.032426,0
43,1,5.080329,1.088166,0
43,2,4.850879,1.121555,0
43,3,4.730879,1.101555,0
43,4,4.610878,1.081555,0
43,5,4.490879,1.061555,0
43,6,4.370879,1.041555,0
43,7,4.250879,1.021555,0
43,8,4.130878,1.001555,0
43,9,4.010879,0.9815549,0
43,10,3.890879,0.9615549,0
43,11,3.770879,0.941555,0
43,12,3.650879,0.9215549,0
43,13,3.530879,0.9015549,0
43,14,3.410879,0.881555,0
43,15,3.290879,0.8615549,0
43,16,3.170879,0.8415549,0
43,17,3.050879,0.821555,0
43,18,2.930879,0.8015549,0
43,19,2.810879,0.7815549,0
43,20,2.690879,0.761555,0
43,21,2.570879,0.741555,0
43,22,2.450879,0.7215549,0
43,23,2.330878,0.701555,0
43,24,2.210879,0.681555,0
43,25,2.090878,0.6615549,0
43,26,1.970879,0.641555,0
43,27,1.850879,0.621555,0
43,28,1.730879,0.6015549,0
43,29,1.610879,0.5815549,0
43,30,1.490879,0.561555,0
43,31,1.370879,0.5415549,0
43,32,1.250879,0.5215549,0
43,33,1.130879,0.501555,0
43,34,1.010879,0.481555,0
43,35,0.8908786,0.4615549,0
43,36,0.7708786,0.4415549,0
43,37,0.6508786,0.421555,0
43,38,0.5308786,0.4015549,0
43,39,0.4108786,0.381555,0
43,40,0.2908786,0.361555,0
43,41,0.1708786,0.3415549,0
43,42,0.0508786,0.321555,0
43,43,-0.0691214,0.3015549,0
43,44,-0.1891214,0.2815549,0
43,45,-0.3091214,0.261555,0
43,46,-0.4291214,0.2415549,0
43,47,-0.5491214,0.2215549,0
43,48,-0.7732666,0.201555,0
43,49,-1.0054,0.1815549,0
43,50,-1.243439,0.1615549,0
43,51,-1.243439,0.1615549,0
43,52,-1.243439,0.1615549,0
43,53,-1.243439,0.1615549,0
43,54,-1.243439,0.1615549,0
43,55,-1.243439,0.1615549,0
43,56,-1.243439,0.1615549,0
43,57,-2.507136,0.1615549,0
43,58,-2.507136,0.1615549,0
43,59,-1.998333,0.1615549,0
44,0,2.346102,0.8866667,1
44,1,1.304132,1.117778,3
44,2,-0.002160511,1.323457,5
44,3,-0.7000763,1.670425,7
44,4,-0.8200763,1.650425,7
44,5,-0.9400763,1.630425,7
44,6,-1.060076,1.610425,7
45,0,3.668486,0.8866667,1
45,1,2.426485,1.117778,3
45,2,1.019922,1.323457,5
45,3,0.2944184,1.670425,7
45,4,-0.1337999,2.080189,9
46,0,3.321668,0.8866667,1
46,1,2.068419,1.117778,3
46,2,0.6627606,1.323457,5
46,3,-0.05561856,1.670425,7
46,4,-0.4743027,2.080189,9
47,0,3.572671,0.8866667,1
47,1,2.338889,1.117778,3
47,2,0.9422964,1.323457,5
47,3,0.2263445,1.670425,7
47,4,-0.1935783,2.080189,9
48,0,3.321668,0.8866667,1
48,1,2.068419,1.117778,3
48,2,0.6627606,1.323457,5
48,3,-0.05561856,1.670425,7
48,4,-0.4743027,2.080189,9
49,0,3.572671,0.8866667,1
49,1,2.338889,1.117778,3
49,2,0.9422964,1.323457,5
49,3,0.2263445,1.670425,7
49,4,-0.1935783,2.080189,9
50,0,3.321668,0.8866667,1
50,1,2.068419,1.117778,3
50,2,1.948419,1.097778,3
50,3,1.828419,1.077778,3
50,4,1.708419,1.057778,3
50,5,1.588419,1.037778,3
50,6,1.468419,1.017778,3
50,7,0.3405384,1.279012,5
50,8,-0.2649572,1.650672,7
50,9,-0.1849572,1.630672,7
50,10,-0.3049572,1.610672,7
51,0,4.877004,1.032426,0
51,1,4.614317,1.09225,0
51,2,4.32445,1.100713,0
51,3,3.981522,1.141246,0
51,4,3.727692,1.15622,0
51,5,3.423614,1.190861,0
51,6,3.177458,1.216749,0
51,7,2.904841,1.255727,0
51,8,2.587511,1.294973,0
51,9,2.282199,1.337011,0
51,10,2.035167,1.373149,0
51,11,1.942404,1.412851,0
51,12,1.838843,1.452604,0
51,13,1.775582,1.492994,0
51,14,1.714187,1.512879,0
51,15,1.765597,1.499747,0
51,16,1.757243,1.4905,0
51,17,1.718471,1.477775,0
51,18,1.712218,1.46,0
51,19,1.69694,1.446639,0
51,20,1.671664,1.437587,0
51,21,1.635382,1.432674,0
51,22,1.587092,1.431684,0
51,23,1.525833,1.434364,0
51,24,1.450743,1.440439,0
51,25,1.361112,1.449628,0
51,26,1.256428,1.461648,0
51,27,1.138349,1.458635,0
51,28,1.018349,1.438635,0
51,29,0.8983493,1.418635,0
51,30,0.7783493,1.398635,0
51,31,0.6583493,1.378635,0
51,32,0.5383493,1.358635,0
51,33,0.4183493,1.338635,0
51,34,0.2983493,1.318635,0
51,35,0.1783493,1.298635,0
51,36,0.0583493,1.278635,0
51,37,-0.0616507,1.258635,0
51,38,-0.1816507,1.238635,0
51,39,-0.3016507,1.218635,0
51,40,-0.4216507,1.198635,0
51,41,-0.5416507,1.178635,0
51,42,-0.6616507,1.158635,0
51,43,-0.7816507,1.138635,0
51,44,-0.9016507,1.118635,0
51,45,-1.021651,1.098635,0
51,46,-1.141651,1.078635,0
51,47,-1.261651,1.058635,0
51,48,-1.381651,1.038635,0
51,49,-1.501651,1.018635,0
51,50,-1.621651,0.9986354,0
51,51,-1.621651,0.9986354,0
51,52,-1.013977,0.9986354,0
51,53,-1.013977,0.9986354,0
51,54,-1.013977,0.9986354,0
51,55,-1.013977,0.9986354,0
51,56,-1.013977,0.9986354,0
51,57,-0.9624228,0.9886354,0
51,58,-0.9624228,0.9886354,0
51,59,-0.9624228,0.9886354,0
52,0,2.687028,1.116667,2
52,1,1.078181,1.195185,4
52,2,0.4512576,1.485638,6
52,3,0.1809475,1.870283,8
52,4,-0.01296838,2.296793,10
53,0,2.857786,1.116667,2
53,1,2.648851,1.096667,2
53,2,2.431462,1.076667,2
53,3,2.311462,1.056667,2
53,4,2.191462,1.036667,2
53,5,2.071462,1.016667,2
53,6,1.951462,0.9966667,2
53,7,1.831462,0.9766666,2
53,8,1.711462,0.9566666,2
53,9,1.591462,0.9366667,2
53,10,1.471462,0.9166666,2
53,11,1.351462,0.8966666,2
53,12,1.231462,0.8766667,2
53,13,1.111462,0.8566666,2
53,14,0.991462,0.8366666,2
53,15,0.871462,0.8166667,2
53,16,0.751462,0.7966666,2
53,17,0.631462,0.7766666,2
53,18,0.511462,0.7566667,2
53,19,0.391462,0.7366666,2
53,20,0.271462,0.7166666,2
53,21,0.151462,0.6966667,2
53,22,0.03146202,0.6766666,2
53,23,-0.08853798,0.6566666,2
53,24,-0.208538,0.6366667,2
53,25,-0.328538,0.6166666,2
53,26,-0.448538,0.5966666,2
53,27,-0.568538,0.5766667,2
53,28,-0.688538,0.5566666,2
53,29,-0.808538,0.5366666,2
53,30,-0.928538,0.5166667,2
53,31,-1.048538,0.4966666,2
53,32,-1.168538,0.4766666,2
53,33,-1.288538,0.4566666,2
54,0,3.877064,1.05,0
54,1,3.684716,1.093693,0
54,2,3.59947,1.132483,0
54,3,0.7206522,1.006802,2
54,4,0.6006521,0.9868016,2
54,5,0.4806521,0.9668016,2
54,6,0.3606521,0.9468016,2
54,7,0.2406521,0.9268016,2
54,8,0.1206521,0.9068016,2
54,9,0.000652123,0.8868016,2
54,10,-0.1193479,0.8668016,2
54,11,-0.2393479,0.8468016,2
54,12,-0.3593479,0.8268016,2
54,13,-0.4793479,0.8068016,2
54,14,-0.5993479,0.7868016,2
54,15,-0.7193478,0.7668016,2
54,16,-0.8393478,0.7468016,2
54,17,-0.9593478,0.7268016,2
54,18,-1.079348,0.7068016,2
54,19,-1.199348,0.6868016,2
54,20,-1.319348,0.6668016,2
54,21,-1.439348,0.6468016,2
54,22,-1.559348,0.6268017,2
54,23,-1.679348,0.6068016,2
55,0,3.759963,1.032426,0
55,1,3.696752,1.064853,0
55,2,3.643779,1.11,0
55,3,3.50236,1.152132,0
55,4,3.490315,1.174558,0
55,5,3.51,1.218904,0
55,6,3.518437,1.241248,0
55,7,1.948437,1.131248,1
55,8,0.1333333,1.155571,3
55,9,-0.05445921,1.136979,3
55,10,-0.04974165,1.159158,3
55,11,-0.4808528,1.276936,4
55,12,-0.8485186,1.375201,5
55,13,-0.9685185,1.355201,5
55,14,-1.088519,1.335201,5
55,15,-1.208519,1.315201,5
56,0,2.01791,1.116667,2
56,1,-0.04572502,1.195185,4
56,2,-1.056205,1.485638,6
56,3,-1.601426,1.870283,8
56,4,-1.942328,2.296793,10
57,0,2.56508,1.116667,2
57,1,0.4578248,1.195185,4
57,2,-0.5924656,1.485638,6
57,3,-1.174006,1.870283,8
57,4,-1.548059,2.296793,10
58,0,4.538521,1.257082,1
58,1,4.156731,1.32,1
58,2,2.200904,1.243,2
58,3,2.067689,1.240974,2
58,4,1.837009,1.269686,2
58,5,1.519766,1.316524,2
58,6,1.420085,1.32614,2
58,7,0.3317615,1.335597,3
58,8,0.3551901,1.296735,3
58,9,0.1574812,1.329768,3
58,10,-0.01639053,1.369109,3
58,11,-0.03216583,1.376206,3
58,12,-0.01977715,1.356206,3
58,13,-0.08930793,1.345789,3
58,14,-0.1008528,1.339421,3
58,15,-0.1249983,1.339242,3
58,16,-0.1634187,1.344617,3
58,17,-0.2177779,1.354854,3
58,18,-0.2896062,1.36927,3
58,19,-0.3801527,1.387233,3
58,20,-0.490239,1.408185,3
58,21,-0.8380539,1.703653,5
58,22,-1.028797,2.037432,7
59,0,1.702749,1.116667,2
59,1,-0.3890705,1.195185,4
59,2,-1.42502,1.485638,6
59,3,-1.806445,1.660425,7
59,4,-1.926445,1.640425,7
59,5,-2.046445,1.620425,7
59,6,-2.166445,1.600425,7
60,0,2.765716,1.116667,2
60,1,0.6518963,1.195185,4
60,2,-0.4042403,1.485638,6
60,3,-0.9910036,1.870283,8
60,4,-1.369741,2.296793,10
61,0,4.538521,1.057082,0
61,1,4.448812,1.104164,0
61,2,4.336164,1.151246,0
61,3,1.430398,0.9880384,2
61,4,1.333296,1.00601,2
61,5,1.262522,1.051737,2
61,6,1.287096,1.082305,2
61,7,0.6078367,1.150453,3
61,8,-0.2577859,1.392955,5
61,9,-0.3934306,1.424509,5
61,10,-0.4684362,1.463636,5
61,11,-0.628972,1.476243,5
61,12,-0.5724129,1.525665,5
62,0,1.918023,1.116667,2
62,1,-0.1920243,1.195185,4
62,2,-1.244457,1.485638,6
62,3,-1.364457,1.465638,6
62,4,-1.484457,1.445638,6
62,5,-1.604457,1.425638,6
62,6,-1.724457,1.405638,6
62,7,-1.844457,1.385638,6
63,0,3.058491,0.8866667,1
63,1,1.71947,1.117778,3
63,2,0.2491946,1.323457,5
63,3,-0.5178538,1.670425,7
63,4,-0.9734938,2.080189,9
64,0,4.573971,1.032426,0
64,1,4.503971,1.022426,0
64,2,4.383971,1.002426,0
64,3,4.263971,0.9824264,0
64,4,4.143971,0.9624264,0
64,5,4.023971,0.9424264,0
64,6,3.903971,0.9224264,0
64,7,3.783971,0.9024264,0
64,8,3.663971,0.8824264,0
64,9,3.543971,0.8624264,0
64,10,3.423971,0.8424264,0
64,11,3.303971,0.8224264,0
64,12,3.183971,0.8024264,0
64,13,3.063971,0.7824264,0
64,14,2.943971,0.7624264,0
64,15,2.823971,0.7424264,0
64,16,2.703971,0.7224264,0
64,17,2.583971,0.7024264,0
64,18,2.463971,0.6824264,0
64,19,2.343971,0.6624264,0
64,20,2.223971,0.6424264,0
64,21,2.103971,0.6224264,0
64,22,1.983971,0.6024264,0
64,23,1.863971,0.5824264,0
64,24,1.743971,0.5624264,0
64,25,1.623971,0.5424264,0
64,26,1.647577,0.51,0
64,27,1.527577,0.49,0
64,28,1.407577,0.47,0
64,29,1.287577,0.45,0
64,30,1.167577,0.43,0
64,31,1.047577,0.41,0
64,32,0.9275772,0.39,0
64,33,0.8075772,0.37,0
64,34,0.6875772,0.35,0
64,35,0.5675772,0.33,0
64,36,0.4475772,0.31,0
64,37,0.3275772,0.29,0
64,38,0.2075772,0.27,0
64,39,0.08757721,0.25,0
64,40,-0.03242279,0.23,0
64,41,-0.1524228,0.21,0
64,42,-0.2724228,0.19,0
64,43,-0.3924228,0.17,0
64,44,-0.5124228,0.15,0
64,45,-0.6324228,0.13,0
64,46,-0.7524228,0.11,0
64,47,-0.8724228,0.09,0
64,48,-0.9924228,0.07,0
64,49,-1.112423,0.05,0
64,50,-1.232423,0.03,0
64,51,-1.232423,0.03,0
64,52,-1.232423,0.03,0
64,53,-1.232423,0.03,0
64,54,-1.232423,0.03,0
64,55,-1.232423,0.03,0
64,56,-1.232423,0.03,0
64,57,-1.232423,0.03,0
64,58,-2.906405,0.03,0
64,59,-2.906405,0.03,0
65,0,2.45861,0.8866667,1
65,1,1.402715,1.117778,3
65,2,0.2428388,1.323457,5
65,3,-0.3657801,1.670425,7
65,4,-0.7581744,1.860283,8
65,5,-1.016766,1.840284,8
66,0,1.610598,0.8866667,1
66,1,0.6733376,1.117778,3
66,2,-0.4351056,1.323457,5
66,3,-1.042768,1.670425,7
66,4,-1.387895,2.080189,9
67,0,4.094078,0.99,0
67,1,4.056128,0.98,0
67,2,3.953577,0.96,0
67,3,3.836624,0.94,0
67,4,3.705865,0.92,0
67,5,3.562164,0.9,0
67,6,3.406549,0.88,0
67,7,3.264618,0.86,0
67,8,3.144618,0.84,0
67,9,3.024618,0.82,0
67,10,2.904618,0.8,0
67,11,2.784618,0.78,0
67,12,2.714618,0.77,0
67,13,2.594618,0.75,0
67,14,2.474618,0.73,0
67,15,2.354618,0.71,0
67,16,2.234618,0.69,0
67,17,2.114618,0.67,0
67,18,1.994618,0.65,0
67,19,1.874618,0.63,0
67,20,1.754618,0.61,0
67,21,1.634618,0.59,0
67,22,1.514618,0.57,0
67,23,1.454618,0.56,0
67,24,1.334618,0.54,0
67,25,1.214618,0.52,0
67,26,1.094618,0.5,0
67,27,1.024618,0.49,0
67,28,0.9046176,0.47,0
67,29,0.7846176,0.45,0
67,30,0.6646176,0.43,0
67,31,0.5446176,0.41,0
67,32,0.4246176,0.39,0
67,33,0.3046176,0.37,0
67,34,0.1846176,0.35,0
67,35,0.06461761,0.33,0
67,36,-0.05538239,0.31,0
67,37,-0.1753824,0.29,0
67,38,-0.2953824,0.27,0
67,39,-0.4153824,0.25,0
67,40,-0.5353824,0.23,0
67,41,-0.6553824,0.21,0
67,42,-0.7753824,0.19,0
67,43,-0.8953824,0.17,0
67,44,-1.015382,0.15,0
67,45,-1.135382,0.13,0
67,46,-1.195382,0.12,0
67,47,-1.315382,0.1,0
67,48,-1.435382,0.08,0
67,49,-1.555382,0.06,0
67,50,-1.675382,0.04,0
67,51,-1.675382,0.04,0
67,52,-1.735382,0.03,0
67,53,-1.735382,0.03,0
67,54,-1.735382,0.03,0
67,55,-1.735382,0.03,0
67,56,-1.795382,0.02,0
67,57,-2.026427,0.02,0
67,58,-2.146426,0,0
68,0,1.216907,1.116667,2
68,1,-0.787365,1.195185,4
68,2,-1.773024,1.485638,6
68,3,-2.272288,1.870283,8
68,4,-2.442817,1.850284,8
68,5,-2.562817,1.830284,8
69,0,1.152168,1.116667,2
69,1,-0.09017559,1.107778,3
69,2,-0.2101756,1.087778,3
69,3,-0.3301756,1.067778,3
69,4,-0.4501756,1.047778,3
69,5,-0.573926,1.027778,3
69,6,-0.707795,1.007778,3
69,7,-0.8511664,0.9877777,3
69,8,-1.003403,0.9677777,3
69,9,-1.142645,0.9477777,3
69,10,-1.262645,0.9277777,3
69,11,-1.382645,0.9077777,3
69,12,-1.502645,0.8877777,3
69,13,-1.622645,0.8677777,3
69,14,-1.742645,0.8477777,3
69,15,-1.862645,0.8277777,3
69,16,-1.982645,0.8077777,3
69,17,-2.102645,0.7877777,3
69,18,-2.222646,0.7677777,3
69,19,-2.342645,0.7477777,3
69,20,-2.462646,0.7277777,3
69,21,-2.582645,0.7077777,3
69,22,-2.702645,0.6877777,3
70,0,2.678684,1.05,0
70,1,2.558684,1.03,0
70,2,2.438684,1.01,0
70,3,2.318684,0.99,0
70,4,2.198684,0.97,0
70,5,2.078684,0.95,0
70,6,1.958684,0.93,0
70,7,1.838684,0.91,0
70,8,1.718684,0.89,0
70,9,1.598684,0.87,0
70,10,1.478684,0.85,0
70,11,1.358684,0.83,0
70,12,1.238684,0.81,0
70,13,1.118684,0.79,0
70,14,0.9986844,0.77,0
70,15,0.8786844,0.75,0
70,16,0.7586844,0.73,0
70,17,0.6386844,0.71,0
70,18,0.5186844,0.69,0
70,19,0.3986844,0.67,0
70,20,0.2786844,0.65,0
70,21,0.1586844,0.63,0
70,22,0.03868439,0.61,0
70,23,-0.08131561,0.59,0
70,24,-0.2013156,0.57,0
70,25,-0.3213156,0.55,0
70,26,-0.4413156,0.53,0
70,27,-0.5613156,0.51,0
70,28,-0.6813156,0.49,0
70,29,-0.8013156,0.47,0
70,30,-0.9213156,0.45,0
70,31,-1.041316,0.43,0
70,32,-1.161316,0.41,0
70,33,-1.173665,0.4348683,0
70,34,-1.293665,0.4148683,0
70,35,-1.413665,0.3948683,0
70,36,-1.533665,0.3748683,0
70,37,-1.653665,0.3548683,0
70,38,-1.773665,0.3348683,0
70,39,-1.893665,0.3148683,0
70,40,-2.013665,0.2948684,0
70,41,-2.133665,0.2748683,0
70,42,-2.253665,0.2548683,0
70,43,-2.373665,0.2348683,0
70,44,-2.493665,0.2148683,0
70,45,-2.613665,0.1948683,0
70,46,-2.733665,0.1748683,0
70,47,-2.853665,0.1548683,0
70,48,-2.973665,0.1348683,0
70,49,-3.093665,0.1148683,0
70,50,-3.201316,0.07,0
70,51,-3.201316,0.07,0
70,52,-3.201316,0.07,0
70,53,-0.9924611,0.09486833,0
70,54,-0.9924611,0.09486833,0
70,55,-0.9924611,0.09486833,0
70,56,-0.9924611,0.09486833,0
70,57,-0.9924611,0.09486833,0
70,58,-0.9924611,0.09486833,0
71,0,3.882999,1.032426,0
71,1,3.617025,1.107279,0
71,2,3.483068,1.087279,0
71,3,3.363068,1.067279,0
71,4,3.347518,1.047279,0
71,5,3.09621,1.027279,0
71,6,2.922013,1.007279,0
71,7,2.797669,0.9872792,0
71,8,2.676707,0.9672792,0
71,9,2.552385,0.9472792,0
71,10,2.420314,0.9272792,0
71,11,2.278624,0.9072792,0
71,12,2.126881,0.8872792,0
71,13,1.965366,0.8672792,0
71,14,1.794691,0.8472792,0
71,15,1.576912,0.8272792,0
71,16,1.456912,0.8072792,0
71,17,1.336912,0.7872792,0
71,18,1.216912,0.7672792,0
71,19,1.096912,0.7472792,0
71,20,0.9769119,0.7272792,0
71,21,0.8569119,0.7072792,0
71,22,0.736912,0.6872792,0
71,23,0.6169119,0.6672792,0
71,24,0.5661516,0.6472792,0
71,25,0.4461516,0.6272792,0
71,26,0.3261516,0.6072792,0
71,27,0.2061516,0.5872792,0
71,28,0.08615158,0.5672792,0
71,29,-0.03384842,0.5472792,0
71,30,-0.1538484,0.5272792,0
71,31,-0.2738484,0.5072792,0
71,32,-0.3938484,0.4872792,0
71,33,-0.5138484,0.4672792,0
71,34,-0.6643907,0.4472792,0
71,35,-0.7843907,0.4272792,0
71,36,-0.9043907,0.4072792,0
71,37,-0.9997272,0.3548528,0
71,38,-1.119727,0.3348528,0
71,39,-1.239727,0.3148528,0
71,40,-1.359727,0.2948528,0
71,41,-1.479727,0.2748528,0
71,42,-1.599727,0.2548528,0
71,43,-1.719727,0.2348528,0
71,44,-1.839727,0.2148528,0
71,45,-1.959727,0.1948528,0
71,46,-2.079727,0.1748528,0
71,47,-2.199727,0.1548528,0
71,48,-2.244391,0.1872792,0
71,49,0.4762006,0.1348528,0
71,50,0.2580456,0.1148528,0
71,51,0.2580456,0.1148528,0
71,52,0.1368343,0.1472792,0
71,53,0.1898808,0.09485281,0
72,0,4.887285,1.02,0
72,1,4.766564,1.07,0
72,2,4.566458,1.11,0
72,3,4.87887,1.15,0
72,4,4.739294,1.19,0
72,5,4.434259,1.23,0
72,6,4.413945,1.27,0
72,7,4.169229,1.31,0
72,8,3.913777,1.35,0
72,9,3.649388,1.39,0
72,10,3.454321,1.4,0
72,11,3.334321,1.38,0
72,12,3.214321,1.36,0
72,13,3.094321,1.34,0
72,14,2.974321,1.32,0
72,15,3.029299,1.3,0
72,16,3.08531,1.28,0
72,17,3.137981,1.26,0
72,18,3.183356,1.24,0
72,19,3.217823,1.22,0
72,20,3.237996,1.2,0
72,21,3.24071,1.18,0
72,22,3.223171,1.16,0
72,23,3.183215,1.14,0
72,24,3.0944,1.12,0
72,25,2.9744,1.1,0
72,26,2.8544,1.08,0
72,27,2.7344,1.06,0
72,28,2.6144,1.04,0
72,29,2.4944,1.02,0
72,30,2.3744,1,0
72,31,2.2544,0.98,0
72,32,2.1344,0.96,0
72,33,2.0144,0.94,0
72,34,1.8944,0.92,0
72,35,1.7744,0.9,0
72,36,1.6544,0.88,0
72,37,1.5344,0.86,0
72,38,1.4144,0.84,0
72,39,1.2944,0.82,0
72,40,1.1744,0.8,0
72,41,1.1044,0.79,0
72,42,0.9844,0.77,0
72,43,0.8644,0.75,0
72,44,0.7444,0.73,0
72,45,0.6244,0.71,0
72,46,0.5044,0.69,0
72,47,0.3844,0.67,0
72,48,0.2643999,0.65,0
72,49,0.1443999,0.63,0
72,50,0.02439995,0.61,0
72,51,0.02439995,0.61,0
72,52,0.02439995,0.61,0
72,53,0.02439995,0.61,0
72,54,0.02439995,0.61,0
72,55,0.02439995,0.61,0
72,56,0.02439995,0.61,0
72,57,-0.03560005,0.6,0
72,58,-0.05560005,0.6,0
73,0,2.369111,0.8866667,1
73,1,1.403895,1.117778,3
73,2,0.03719053,1.323457,5
73,3,-0.6845381,1.670425,7
73,4,-1.139753,2.080189,9
74,0,4.777029,1.032426,0
74,1,2.803382,0.9348528,1
74,2,2.535006,0.98,1
74,3,1.255346,0.9954271,2
74,4,1.135346,0.9754271,2
74,5,1.015346,0.9554271,2
74,6,0.8953462,0.9354271,2
74,7,0.7753462,0.9154271,2
74,8,0.6553462,0.8954271,2
74,9,0.5353463,0.8754271,2
74,10,0.4153463,0.8554271,2
74,11,0.2953463,0.8354271,2
74,12,0.1753463,0.8154271,2
74,13,0.05534626,0.7954271,2
74,14,-0.06465374,0.7754271,2
74,15,-0.1846537,0.7554271,2
74,16,-0.3046537,0.7354271,2
74,17,-0.4246537,0.7154271,2
74,18,-0.5446537,0.6954271,2
74,19,-0.6646538,0.6754271,2
74,20,-0.7846538,0.6554271,2
74,21,-0.9046538,0.6354271,2
74,22,-1.024654,0.6154271,2
74,23,-1.144654,0.595427,2
75,0,5.563775,0.99,0
75,1,5.493774,0.98,0
75,2,5.373775,0.96,0
75,3,5.253775,0.94,0
75,4,5.1944,0.92,0
75,5,5.0744,0.9,0
75,6,5.1544,0.88,0
75,7,5.2844,0.87,0
75,8,5.1644,0.85,0
75,9,5.0444,0.83,0
75,10,4.9244,0.81,0
75,11,4.8044,0.79,0
75,12,4.6844,0.77,0
75,13,4.5644,0.75,0
75,14,4.4444,0.73,0
75,15,4.3244,0.71,0
75,16,4.2044,0.69,0
75,17,4.0844,0.67,0
75,18,3.9644,0.65,0
75,19,3.8444,0.63,0
75,20,3.7244,0.61,0
75,21,3.6044,0.59,0
75,22,3.4844,0.57,0
75,23,3.3644,0.55,0
75,24,3.2444,0.53,0
75,25,3.1244,0.51,0
75,26,3.0044,0.49,0
75,27,2.8844,0.47,0
75,28,2.7644,0.45,0
75,29,2.6444,0.43,0
75,30,2.5244,0.41,0
75,31,2.4044,0.39,0
75,32,2.2844,0.37,0
75,33,2.1644,0.35,0
75,34,2.0444,0.33,0
75,35,1.9244,0.31,0
75,36,1.8044,0.29,0
75,37,1.6844,0.27,0
75,38,1.5644,0.25,0
75,39,1.4444,0.23,0
75,40,1.3244,0.21,0
75,41,1.2044,0.19,0
75,42,1.0844,0.17,0
75,43,0.9643999,0.15,0
75,44,0.8443999,0.13,0
75,45,0.7243999,0.11,0
75,46,0.6043999,0.09,0
75,47,0.4843999,0.07,0
75,48,0.3643999,0.05,0
75,49,0.2443999,0.03,0
75,50,0.1243999,0.01,0
75,51,0.1043999,0.01,0
75,52,0.08439995,0.01,0
75,53,0.06439995,0.01,0
75,54,0.04439995,0.01,0
75,55,0.02439995,0.01,0
75,56,-0.04560005,0,0
75,57,-0.06560005,0,0
75,58,-0.08560005,0,0
76,0,1.829668,0.8866667,1
76,1,0.5592693,1.117778,3
76,2,-0.8468227,1.323457,5
76,3,-1.51098,1.670425,7
76,4,-1.849952,2.080189,9
77,0,4.97616,1.02,0
77,1,4.895227,1.074868,0
77,2,3.093333,0.9315349,1
77,3,1.666675,0.9281376,2
77,4,1.606675,0.9081376,2
77,5,1.59306,0.9144444,2
77,6,1.699051,0.9365382,2
77,7,1.872222,0.9663122,2
77,8,2.053096,0.9827726,2
77,9,2.002247,1.017554,2
77,10,1.93315,1.053918,2
77,11,1.844344,1.091251,2
77,12,1.734856,1.129217,2
77,13,1.614856,1.109217,2
77,14,1.494856,1.089217,2
77,15,1.374856,1.069217,2
77,16,1.254856,1.049217,2
77,17,1.134856,1.029217,2
77,18,1.014856,1.009217,2
77,19,0.8948557,0.989217,2
77,20,0.7748557,0.9692171,2
77,21,0.6548557,0.9492171,2
77,22,0.5348556,0.9292171,2
77,23,0.4148556,0.9092171,2
77,24,0.2948556,0.8892171,2
78,0,3.346709,0.99,0
78,1,3.226709,0.97,0
78,2,3.106709,0.95,0
78,3,2.986709,0.93,0
78,4,2.866709,0.91,0
78,5,2.746709,0.89,0
78,6,2.626709,0.87,0
78,7,2.506709,0.85,0
78,8,2.386709,0.83,0
78,9,2.266709,0.81,0
78,10,2.146709,0.79,0
78,11,2.026709,0.77,0
78,12,1.906709,0.75,0
78,13,1.786709,0.73,0
78,14,1.666709,0.71,0
78,15,1.546709,0.69,0
78,16,1.426709,0.67,0
78,17,1.306709,0.65,0
78,18,1.186709,0.63,0
78,19,1.066709,0.61,0
78,20,0.9467092,0.59,0
78,21,0.8267092,0.57,0
78,22,0.7067091,0.55,0
78,23,0.5867091,0.53,0
78,24,0.4667091,0.51,0
78,25,0.3467091,0.49,0
78,26,0.2267091,0.47,0
78,27,0.1067091,0.45,0
78,28,-0.01329086,0.43,0
78,29,-0.1332909,0.41,0
78,30,-0.2532909,0.39,0
78,31,-0.3732909,0.37,0
78,32,-0.4932909,0.35,0
78,33,-0.6132908,0.33,0
78,34,-0.7332909,0.31,0
78,35,-0.8532909,0.29,0
78,36,-0.9732909,0.27,0
78,37,-1.093291,0.25,0
78,38,-1.213291,0.23,0
78,39,-1.333291,0.21,0
78,40,-1.453291,0.19,0
78,41,-1.573291,0.17,0
78,42,-1.693291,0.15,0
78,43,-1.813291,0.13,0
78,44,-1.933291,0.11,0
78,45,-2.053291,0.09,0
78,46,-2.173291,0.07,0
78,47,-2.293291,0.05,0
78,48,-2.413291,0.03,0
78,49,-2.533291,0.01,0
78,50,-2.539551,0.03,0
78,51,-2.539551,0.03,0
78,52,-2.539551,0.03,0
78,53,-2.563858,0.03,0
78,54,-2.563858,0.03,0
78,55,-2.563858,0.03,0
78,56,-2.424909,0.03,0
78,57,-2.424909,0.03,0
78,58,-2.424909,0.03,0
78,59,-2.424909,0.03,0
79,0,3.506895,1.057082,0
79,1,3.409606,1.104164,0
79,2,3.354841,1.105885,0
79,3,3.154051,1.107482,0
79,4,2.952946,1.130454,0
79,5,2.913006,1.174605,0
79,6,2.702567,1.20541,0
79,7,2.65807,1.236523,0
79,8,2.751119,1.27396,0
79,9,2.833509,1.288121,0
79,10,2.73741,1.268121,0
79,11,2.627786,1.248121,0
79,12,2.504601,1.228121,0
79,13,2.368342,1.208121,0
79,14,2.219813,1.188121,0
79,15,2.059994,1.168121,0
79,16,1.889933,1.148121,0
79,17,1.769933,1.128121,0
79,18,1.649933,1.108121,0
79,19,1.529933,1.088121,0
79,20,1.409933,1.068121,0
79,21,1.289933,1.048121,0
79,22,1.169933,1.028121,0
79,23,1.049933,1.008121,0
79,24,0.9299335,0.9881213,0
79,25,0.8099335,0.9681213,0
79,26,0.6899335,0.9481213,0
79,27,0.5699335,0.9281213,0
79,28,0.4499335,0.9081213,0
79,29,0.3299335,0.8881214,0
79,30,0.2099335,0.8681213,0
79,31,0.08993347,0.8481213,0
79,32,-0.03006653,0.8281214,0
79,33,-0.1500665,0.8081213,0
79,34,-0.2700665,0.7881213,0
79,35,-0.3900665,0.7681214,0
79,36,-0.5100665,0.7481213,0
79,37,-0.6300665,0.7281213,0
79,38,-0.7500665,0.7081214,0
79,39,-0.8700665,0.6881213,0
79,40,-0.9429302,0.6666905,0
79,41,-0.9472744,0.6466904,0
79,42,-1.06389,0.6266904,0
79,43,-1.18389,0.6066905,0
79,44,-1.404454,0.5866904,0
79,45,-1.528306,0.5666904,0
79,46,-1.641919,0.5466905,0
79,47,-1.761919,0.5266904,0
79,48,-1.881919,0.5066904,0
79,49,-1.861376,0.4857253,0
79,50,-2.124454,0.4666905,0
79,51,-2.124454,0.4666905,0
79,52,-0.1224972,0.4666905,0
79,53,-0.1224972,0.4666905,0
79,54,-0.1224972,0.4666905,0
80,0,2.958039,1.116667,2
80,1,1.680484,1.08486,3
80,2,0.8808542,1.128934,4
80,3,0.6935759,1.126705,4
80,4,0.1681343,1.291235,5
80,5,-0.1437191,1.29094,5
80,6,-0.4538961,1.433862,6
80,7,-0.6781937,1.43625,6
80,8,-0.6840351,1.44049,6
80,9,-0.674606,1.43263,6
81,0,4.313077,0.99,0
81,1,4.011423,1.047082,0
81,2,3.843006,1.083693,0
81,3,3.915995,1.12,0
81,4,3.906091,1.16,0
81,5,3.950175,1.173313,0
81,6,3.992705,1.191769,0
81,7,3.923874,1.188634,0
81,8,3.872496,1.207423,0
81,9,3.812604,1.22694,0
81,10,3.772139,1.260869,0
81,11,3.652139,1.240869,0
81,12,3.532139,1.220869,0
81,13,3.412139,1.200869,0
81,14,3.292139,1.180869,0
81,15,3.172139,1.160869,0
81,16,3.052139,1.140869,0
81,17,2.932139,1.120869,0
81,18,2.812139,1.100869,0
81,19,2.692139,1.080869,0
81,20,2.572139,1.060869,0
81,21,2.452139,1.040869,0
81,22,2.332139,1.020869,0
81,23,2.212139,1.000869,0
81,24,2.092139,0.9808688,0
81,25,1.972139,0.9608688,0
81,26,1.944722,0.9457253,0
81,27,2.006921,0.9409366,0
81,28,1.886921,0.9209366,0
81,29,1.76692,0.9009366,0
81,30,1.64692,0.8809366,0
81,31,1.52692,0.8609366,0
81,32,1.40692,0.8409366,0
81,33,1.28692,0.8209366,0
81,34,1.166921,0.8009366,0
81,35,1.046921,0.7809366,0
81,36,0.9269205,0.7609366,0
81,37,0.8069205,0.7409366,0
81,38,0.6869205,0.7209366,0
81,39,0.5669205,0.7009366,0
81,40,0.4469205,0.6809366,0
81,41,0.3269205,0.6609366,0
81,42,0.2069205,0.6409366,0
81,43,0.08692054,0.6209366,0
81,44,-0.03307945,0.6009366,0
81,45,-0.1530795,0.5809366,0
81,46,-0.2730795,0.5609366,0
81,47,-0.3930795,0.5409366,0
81,48,-0.5130795,0.5209366,0
81,49,-0.6330795,0.5009366,0
81,50,-0.7530795,0.4809366,0
81,51,-1.959243,0.4809366,0
81,52,-1.959243,0.4809366,0
81,53,-2.40168,0.4809366,0
81,54,-2.40168,0.4809366,0
81,55,-2.40168,0.4809366,0
81,56,-2.40168,0.4809366,0
81,57,-2.40168,0.4809366,0
81,58,-2.479943,0.4809366,0
81,59,-2.479943,0.4809366,0
82,0,3.037212,1.02,0
82,1,2.986558,1.07,0
82,2,2.998969,1.11,0
82,3,2.926618,1.15,0
82,4,2.860163,1.19,0
82,5,2.785482,1.23,0
82,6,2.721158,1.27,0
82,7,2.658061,1.31,0
82,8,2.595742,1.35,0
82,9,2.533944,1.39,0
82,10,2.484162,1.4,0
82,11,2.436364,1.38,0
82,12,2.347533,1.36,0
82,13,2.227533,1.34,0
82,14,2.107533,1.32,0
82,15,1.987533,1.3,0
82,16,1.867533,1.28,0
82,17,1.747533,1.26,0
82,18,1.627533,1.24,0
82,19,1.507533,1.22,0
82,20,1.387533,1.2,0
82,21,1.267533,1.18,0
82,22,1.147533,1.16,0
82,23,1.027533,1.14,0
82,24,0.9075334,1.12,0
82,25,0.7875336,1.1,0
82,26,0.6675336,1.08,0
82,27,0.5475336,1.06,0
82,28,0.4275336,1.04,0
82,29,0.3075336,1.02,0
82,30,0.1875336,1,0
82,31,0.06753357,0.98,0
82,32,-0.05246643,0.96,0
82,33,-0.1724664,0.94,0
82,34,-0.2924664,0.92,0
82,35,-0.4124664,0.9,0
82,36,-0.5324664,0.88,0
82,37,-0.6524664,0.86,0
